nombre_restaurant,gmap_id,estado
The Aynor Inn,0x890007d78c3e5ab9:0x4f105096aaef191d,SC
Healthy Gourmet Express,0x89ba851083db2e95:0x3439b511ffc0972c,VA
Crab Du Jour Cajun Seafood & Bar,0x88d9b1f38dff4dff:0x61443de98cd9c88c,FL
Sizzler,0x88dd8019b7c4167b:0x7043f86a8346dcf3,FL
Cajun Boil Express,0x88e44b7e69565ac5:0x3dfe920e1417a40c,FL
Cajun Crab,0x8890eff2db2544cb:0x661d1a6f60aa3201,FL
Corolla Seafood Buffet,0x89a52f760086386f:0xd49d73c85d13e8b2,NC
Louisiana Lucky Phat Seafood,0x88541fe732ca64ff:0xcd0335cf35f177c,NC
Dilly's Seafood Truck at Celebration Park,0x88dae33bfbda83ff:0xb8247ee5005e3d24,FL
Port Royal Seafood Inc.,0x88fc6d0f0819d453:0x39c965c15a435347,SC
Nini Seafood,0x88d9b010f6400001:0x9e1911a7dcca6405,FL
Taste My Garlic Crabs llc,0x88feef8abbcfe199:0xa6ba3f7271870913,SC
KBOP,0x88f509c9f0af8c29:0x25a46b00d9fd4967,GA
Danny's Kitchen,0x88d901bc6387dc57:0x485755851e90c952,FL
Bratta's Seafood Steaks & Pasta Restaurant,0x88db3ffb4c4ed63b:0xdf072319e5b0cd21,FL
Sunsets' Tequila Bar at Loews Don CeSar Hotel,0x88c302caf69f54f1:0xdbfcd85ccc764c4f,FL
Southern Seafood & BBQ,0x88f5036de11bf8c7:0x64de326982252c1b,GA
Joe's Crab Shack,0x88e71286d860ae23:0x8f1e6c4ea94674a6,FL
Del Frisco's Grille,0x88d8d69ac8872eed:0x27b6361453f3fee4,FL
Off The Hook Crabs & Fish,0x88f51dda89203345:0x830ec19f9231054c,GA
Seasoned 7 Bistro & Bar,0x88f4e3041a898bf5:0x5e3fd49e82484ce2,GA
Cajun Grill,0x89b7c702bd08b4c9:0x813f295875c3f328,MD
Malcolm's,0x88d8d9c41c7d6f61:0x2a19314ad351e01b,FL
One Way Louisiana Style Seafood,0x88f50160cb35a85f:0x7ad0f83428c670a5,GA
Captain's Catch,0x88e5b4f34690250d:0x6ba06216c5411de4,FL
Wings & Seafood,0x88f4fbae9fa4cc89:0xec4c48740a079952,GA
JJ's Fish & Chicken,0x89adbc1fa2911fdb:0xdd13364846c62db7,NC
The Cypress Landing Restaurant At Bayside Marina,0x89af8f092df92d95:0xbef3511f722e9498,NC
Crab Du Jour - Asheville,0x8859f34145ec1ee7:0x5e5e5e3f484e66da,NC
Seafood Center,0x88f257a43d4a2475:0xf8fc14856ffdd940,GA
13 American Table,0x88d8e218d8f60b33:0x59198f48e99f2472,FL
Atlantic Restaurant & Sport Lounge,0x88d9ba591d700baf:0xda28a38d3a9d364f,FL
Chart House - CLOSED,0x88d9b7ccc71589f3:0x8c2e01f74a939004,FL
Hampton Seafood,0x88582c3226b86be5:0x65b465180190008c,SC
Nemo Sports Bar,0x88dae2c9d6a75027:0x1d07c14380c72ba7,FL
Tunis Seafood Wings Subs,0x88e5c5b33033e21b:0xe2393298c6949343,FL
Lolailo The Original,0x88e77f012da4f8e5:0xec84885f62f0a379,FL
La Granja Parrila,0x88d905db368b8d7b:0x28fddfae9a67f2b7,FL
Ocean-N-Motion,0x88f0411b336ef55d:0x7ff50ffafaf24a1f,GA
Urban Crab Shack,0x89c809b6b69d46e7:0x64cb16d84f6a7f15,MD
Sushi Factory,0x88de61125e392837:0xef7af8b0e1e0265d,FL
Mainely Lobster and Seafood Too!,0x88e4d0810bafa93f:0xab8d5f1e3774c15c,GA
Steven's Restaurant & Oyster,0x89007d8580c6b751:0x7bc7cc9115bc6cfa,SC
Captain D's,0x89b7bc2fdfabe817:0x129b9bf593caf743,MD
Popeyes Louisiana Kitchen,0x89ba8476612eb891:0xfd803e8a72ec5497,VA
2990 Nola Cafe,0x88f50993386edc13:0x7d8d9cd41753cf21,GA
Quinn's South Beach,0x88d9b492aaaf8157:0x7f36b9e06462e074,FL
Brooklyn restaurant and loung,0x88f8d5d6fd08cf8b:0x1c0c47fe998afbbc,SC
S & J Crab Ranch,0x89c80faf1ab84675:0x76cbe36d46c9737f,MD
McManus Seafood & More,0x88def19ce9332ce3:0x2feb1abc265ccbe1,FL
Captain's Ketch Seafood,0x89b8407b21dd00af:0x9102db1fe0d0db98,MD
The Connection Bar & Grill,0x88db41e2e1dbac35:0x69b74626354e343d,FL
Lobster Express Co.,0x88556614b877f8f9:0x3f3002daab9ab432,SC
B More Chicken & Seafood,0x89c81baedb1798d3:0x6d78e10ae303f03e,MD
Coast seafood,0x88fe7a6b7c263bcd:0x6b0a30b679622a86,SC
Richs Seafood,0x89ba97718dd7f71d:0x9dbb50b003f0b6ce,VA
Gaboja II,0x89b645d58c1bd4db:0xca70c9992c682207,VA
Randel's Fish Hut,0x88e6d845b2600849:0xc7620c925e902f5,FL
Q's Seafood One Stop,0x88de1afd3ff7d88f:0xd722d51986b129d1,FL
Mo's Seafoods,0x8855d70a69fdf00d:0xc57057e59da162bf,SC
Lala's Seafood,0x88d9b73a3fbac151:0xf36472990bbd45c,FL
The Cheesesteak Factory,0x88deec073464b5e1:0x9438177b22403959,FL
Hard Dock Café,0x88e6651b63aaa635:0x4ee6f7c7a991f384,FL
Reggae J's,0x88938c4484278efb:0x78a608b8bf136fc4,FL
Triple K Catfish House,0x885fe72c06b64635:0x7cc9cb0ee277e95c,GA
Fingers & Claws Restaurant,0x89b62d5e3302fd9d:0x37a5663751debfdf,MD
Popeyes Louisiana Kitchen,0x88fe5b2fc7bab96f:0x102625ff8cfa9fdd,SC
Skip One Beach Seafood Restaurant,0x88db3eafa55587d3:0xfdf49b73692c0315,FL
BJ's Seafood & Sportsbar,0x88e5a1c92e6deaff:0x78a9e92f4275eec8,FL
Blue Grotto Restaurant and Nightclub,0x88e6d98a383c1f0f:0xff2a73ae27b47c7f,FL
Crosby's Seafood,0x88fe7a3638fabc1b:0x93caefa22f46ae44,SC
SeaBass Kitchen,0x88f50e973c8fc131:0x583e3535c1bc8e3,GA
Key West Conch Fritter,0x88d1b6ec5e2e13b9:0x9ef54bf7e4d62978,FL
Mr. & Mrs. Crab Juicy Seafood & Bar,0x88d9083dd5496e8b:0xa284a474ae750b74,FL
Mana Poke Downtown Miami,0x88d9b78c9b696ecf:0xb8418f337b696553,FL
Ford's Oyster House & Cajun Kitchen,0x8858303322e16a6b:0xe9c55a79bc796224,SC
Tavern 24,0x885828cf0242b82b:0xe7f73ca9136935d,SC
Driftwood Plaza,0x88df2a212d1d60f5:0x7380895a9bb43ece,FL
Downtown Gyro & Seafood,0x88c2902cf427c49f:0x7fb0bc058fd41f07,FL
OC Steamers Restaurant,0x89b8d60fa33cd97b:0x948f4c59ab85ff85,MD
Seafood King,0x89ba97bd3ba37b97:0xdb7676ac65bbc139,VA
Bobby's Seafood Grill,0x89ae10d8f5e4f4d7:0xc8e972b988afee38,NC
Wassabi Asian Fusion,0x88e77170e1e3f567:0xf53c8ca47a21bdf7,FL
Pilikia By the Pool,0x88d9b49b81527bad:0x27350a1172c4c10e,FL
HotLime Tacos & Ceviches - MIA Market,0x88d9abc90f605ab7:0x773b4979c6d774a9,FL
Bonefish Grill,0x89b65673ddcef38b:0xc1fbef9594e57ca1,VA
Fish R US,0x89b0834c0a27e3e1:0xf78b7fa7b69597f5,VA
Hey Ceviche,0x88d9b95136c6b235:0x7cbee5b20357676f,FL
University Crab Shack,0x88e5b41d8f0a8f99:0x5b5121fa5119129b,FL
Blue Ocean Seafood,0x89ba97e95fbe787f:0xd085ed3ba7a2ff3d,VA
Snappers Seafood,0x88d8df5a51f0b3f3:0xecd755fcef30976d,FL
Trumps Restaurant 2,0x89af75ef0eb69dd9:0x7c5d376a9b3e0ee7,NC
Brown Trout Mountain Grille,0x8859f97288dbf2d3:0x3fac543a8b73c2e0,NC
Wilkins Seafood & Grille,0x88f17bd72d514d59:0xce05089be8a579ca,GA
Sandy Dent Seafood,0x89b6c819c3b224fb:0xe4957a71bc67b5e7,VA
Las Sirenas - Mariscos - Sinaloa-Style Mexican,0x88c33de178602a8d:0xdd187c6e1f18e516,FL
Leila's Land and Sea,0x88f4e29bed64bd05:0xe9a2ab8bba1ac031,GA
Three Cafe Restaurant,0x88fe8b5c1bca58c9:0xbe3d3e20516b2d3e,SC
Popeyes Louisiana Kitchen,0x88e8a58ebd1fa00f:0xbdc7f30a5beb6af6,FL
Painter's Palate,0x88c33ff06a632343:0x17a7ae05d98e19ab,FL
Seafood on Fire 불타는 해물찜,0x88f5bd6c79665ab9:0x23ade8c70d97460a,GA
The Original Likit fish & chips,0x88e427be6c45802d:0xe33e17f7f48b7691,FL
FINZ Raw Bar and Grill,0x8854240278678965:0x6393ef62737d6a16,NC
Tilletts Seafood,0x89a4fbf57eb997bf:0x9bcf8c5cd30fb4d4,NC
Cafe Toscano,0x88d8d63e90d2f76b:0x441ed11f4cb60d41,FL
Legends Seafood & Grill,0x88f6bf35a78bfbb3:0x22084f2a382de255,GA
Red Lantern,0x88f5bf9c94ac058d:0xb6803ada7517450,GA
Fatboiz Premium Gourmet,0x88f45b9dbd35afbf:0xf4c473ca540d5b2e,GA
Garcia's Fish Market,0x88d9b69062cd6e39:0xac4133a3fe37dac5,FL
Cameron's Seafood,0x89b62df64b3a6cc5:0x51ccf7df6eec51e,MD
Gulf Primeval On The Rooftop,0x88c303e317efbdbb:0xa820f0bbef65b916,FL
Hook & Reel Cajun Seafood & Bar,0x88f5bd7d80967963:0x15a4d377d98fc0d2,GA
McCormick & Schmick's Seafood Restaurant,0x88d8d660a6385089:0x9a7b18cc22912a9b,FL
China Palace Restaurant,0x88f5111ab38993db:0x6951676e811a1318,GA
Lobster Banh Mi,0x88f599c58c8c3931:0xe38ec2de2aefd697,GA
Captain Q's Seafood & Smokehouse,0x89a893e1a33403e1:0xb79f2510dca260da,NC
Crab Garden,0x88d9afc509e74223:0x7802fb49ad773c6,FL
Depot Southern Bistro LLC,0x89ad1538fc681659:0xe66cbbe31f1cbe27,NC
YamaChen's sushi,0x89b64d3909c20759:0xda887c7354075dcf,VA
Overboard Bar & Grill,0x88d1b6e9d3321b9f:0xef828e83d91c7617,FL
Stonewood Grill & Tavern,0x88c316bb70704c6b:0x4034c7e189726eda,FL
Tinatapa's,0x88c2c4f179ed3d69:0x5aec3a1ceaeac460,FL
Islamorada Fish Company,0x89006495b2d6fc45:0x8b0364b0ac298066,SC
Juicy King Seafood Restaurant,0x89a521aa698c30d1:0x58e81f8e9c1e112a,NC
Anchor Seafood Place,0x89b7cf035ad95555:0x4807c8521c01abe9,MD
Steam & Chill Restaurant & Lounge,0x88c2fd5c0e35d8d9:0x7e9e0d8856c4a2a3,FL
The Farmer's Cook House,0x89c992d83af08561:0x90ea43e97c8270c9,MD
Flamingo Joe's Grill,0x88938617bc8343ed:0xbef5787f91b5d1e2,FL
Vietfoods,0x89b7b51ca6287ee1:0xfbe73b6b9ec42b82,VA
Ginny's Seafood & Deli,0x89b6c112f9d6b111:0xac81ec301b39479a,VA
Chef's Table,0x89ba95a65fd1b9e7:0x5dedb4fd9cfa6ca1,VA
Salt Water Grill,0x89a52ed03245c4fd:0xa4ddef6db53b08ad,NC
Harrison's Chesapeake House,0x89b825b1535b3fbf:0x246917142b260d4d,MD
Popeyes Louisiana Kitchen,0x88e7ebfdfd86a9f3:0x375431f5845b2f63,FL
"Crab, Shrimp,Sea Food Platter",0x88d9274bdf7eb1d9:0xbabb77abd356b780,FL
A. W. Shucks Seafood Restaurant,0x88fe7a0dc90db275:0x4b06acb1f778fdd5,SC
Mrs. Paella,0x88d9a521c22aee57:0x82da8fe113d3d55e,FL
The Frying Dutchman,0x88e77fb4f5675e59:0x70fc30370eec423a,FL
Boatyard Restaurant,0x88938647b930044f:0x6ba9a522b36acf78,FL
OLDE SAVANNAH SEAFOOD CO,0x88f4e37cfca56f81:0xcffc47ea0477584,GA
Celebration Pizza and Pasta,0x88e0aa6ccc24e201:0x5bbf7075fe12f97,FL
George's Seafood House,0x88c339f25c8f60b5:0x11102d90737e2f64,FL
Stix Flame Grill Eatery,0x89b1a66d7e722009:0x206548f9f08614d7,VA
The Seafood Academy Of Columbia,0x88f8d4f54d35b749:0x2b0165002572a62b,SC
Fish N Things,0x88d906d3523e769d:0x5e8af65578e3627e,FL
Submarine Crab South Carolina,0x88f8afb7014a06fd:0x20f57d11f34bb025,SC
Shipwreck Seafood,0x88fe7ccc1dfdcc39:0x7a1b1a83ca5a0cc,SC
Watershed,0x89c8035cdaa11bdf:0xce77fe0b5be8f89e,MD
David's Crabhouse of Savannah,0x88f5a9bca55ec5e7:0x8e2dc5210463f71e,GA
MVP's Raw Bar and Grill,0x8856a494d14c08df:0xf330321d7ec32e05,NC
Price's Seafood,0x89c7c7539c365573:0x248f7ebb6dcdd9cf,MD
Fab Grill & Seafood,0x89b7c0b89bf04809:0x3e7680892112cc5b,MD
International Buffet,0x89baa22dd192f2c3:0xe29379e4177ba404,VA
Captain Saigon Seafood,0x89b7b54f427689a9:0x2dd3545d55fab617,VA
Conchman Conway Llc,0x88ecf52d9ea55555:0x76597612597c8607,FL
Willoughby Fish House,0x89ba9be03f91e651:0xb0bd55fb4ba68031,VA
Masago steakhouse,0x88f5bc352a243c8f:0xb660865f0a14c734,GA
Outer Banks Boil Company,0x89bac159c5d05f8d:0xfe0f4853bc0adb53,VA
The Colonial Trail Seafood Market,0x89b06748d63a8bc1:0xaa39980cf8f50c3b,VA
Angel's Lobster & Seafood Buffet,0x88dd7eb789bbe7c7:0xd308d29b41411fe2,FL
Red Crab Juicy Seafood & Bar,0x88d9213f7a44eba3:0x8ef84f508463187a,FL
Island Seafood -n- More,0x88fee727227f4219:0xa1cdf1593399a83b,SC
The Twisted Crab-Chesapeake Square Mall,0x89baa1a01369e06f:0xed8a1278e3813ccd,VA
Popeyes Louisiana Kitchen,0x88d907bbae70251b:0xb0109b5e0d983912,FL
CAPT BILLS HOT DELICIOUS SEAFOOD,0x88db5990e00a7187:0xabb4d9f2c74c8fbc,FL
Fish Fiesta,0x88c2b5830bd6aaff:0x9293174993fd101a,FL
Solomon Street Seafood Market,0x88f48ba5a4625331:0xb9dc874206f5826e,GA
El Capitán Seafood,0x88f50b7782c00b7b:0xfd53fbc1c620ade3,GA
Kajun Cave Seafood,0x88e77a381b4a1113:0xcb21264c17e08239,FL
Da'One Seafood,0x88f4e32a97254537:0xdf0fe8d5ddad34bd,GA
IDK Raw Bar Grill and Gaming,0x89b083970a6a07b9:0x86cd358187f63ca8,VA
Farmers Basket,0x88f514d88668cf71:0x68a9f84f8f44e4c9,GA
Downtown Seafood Bar & Grill,0x89ac016a6e674cf7:0xef1953af0419955,NC
Crab Du Jour Whitehall Cajun Seafood & Bar,0x88569936548acbbb:0x31e59fd67c9fc9ca,NC
Red Hot and Blue,0x89b7b65e5d8a8707:0x316423d3f9c71603,VA
Captain Crab - 49th St.,0x88c2e3b901aefa85:0x9d4e141c3d6025da,FL
Bluebay Seafood,0x88f4fdd705037a4d:0x10d99a2ff3a5e7dd,GA
Vinny's Seafood Express,0x89a9f9d696817e49:0xf82fb07c4aa6dc4,NC
Floridita Cuban Cafe and Restaurant,0x88dae232ba115555:0x671a672db2b82ccd,FL
Shrimply Delicious Seafood Co.,0x88531fab46aa111b:0xa427e88a4d621cf9,NC
Peoples Choice Mobile Food Service,0x88e0b3a97325561b:0x65cf6f950600f1ed,FL
The Twisted Crab- Norfolk,0x89ba99520f689999:0xe29f80db48fff220,VA
La Gloutonnerie,0x88d9b4f16d4cab83:0x14261620f9c94e46,FL
Akami Sushi Bar,0x89ac8dd71185be65:0x8afeac6b851f3d93,NC
Okee's Crabhouse & Seafood,0x88e5ba73a7572d5d:0x20bf228f414ec321,FL
Shadrak's Oyster Shack,0x88fe714f71281e11:0xa33045e104d3167d,SC
Floyd Wings and Grill,0x88f518187663d19b:0x2cca86505c3bc5e,GA
Willow Restaurant and Pub,0x89b7fd4663a84edf:0x82ca606d494ee8c8,MD
The Hungry Parrot,0x88c3171da1b66ed1:0x9fc5ba0f5a24b26a,FL
Tin Fish at Sarasota Commons,0x88c3409f31a3ed67:0xddeea50293f57f44,FL
Boone Docks,0x8900a0400c3fdb3b:0x18e9477b2a8572ae,NC
Da'Munchies Express,0x88e71494d6c9e2ff:0xa79d237f81f74d07,FL
Crystal Cove Crab Shack,0x88c2e3345105b749:0xd1203de3bf367207,FL
Plancha,0x88dd7fdba9200065:0x81367cc5f5f84d62,FL
Oyster Alley,0x89ba84b7b0b1a33b:0x3934fbed2f0343a5,VA
Sir Walter Raleigh Inn of Greenbelt Inc.,0x89b7c3e252bcb3f7:0x53b6d8e23b759607,MD
Cornerstone Grill Of Cheraw,0x88551b7d13a90049:0x702d3370452849e4,SC
Gene's Steak House,0x88e6df90fb2b941d:0xf0ffcc46960fcd62,FL
Oyster Creek Eatery,0x88e42794b458b71f:0xdbbd6bf778241bbe,FL
Nicky's Seafood,0x88f5036de0ecbfd3:0xfa8eb22fca982c72,GA
Cabana Beach Club,0x88d9b3154001fa7b:0x39f52b6f23c00389,FL
Cut Right Seafood Inc,0x88c4a991d14c3709:0xfecb7097aca07d6,FL
Southern Comfort Restaurant and Lounge,0x89ba8369dd51b461:0x8dac3970e65e0086,VA
Juicy King Crab House (Belair),0x89c80903a32ae5d1:0x6b4d3908fdb47f18,MD
Value Mart,0x88f6e0dfcc8cd961:0xbf2c63a988a529c5,GA
Naija Fish Place,0x89b7c7732d808b37:0x4da879d6ed6ad37e,MD
Sa'Mo Foods,0x88c2c611ab130713:0x6ff48691ef62eec5,FL
501 at Néné's - Takeout,0x890069c0151ac739:0xb68cc6941d49037c,SC
Long John Silver's,0x88602146ee42a335:0xbb821f4ee6e28dda,GA
Ballroom/Restaurant,0x88dd7f40d0aaec9f:0x669abf817f447803,FL
Mighty's Kitchen,0x88d9c412a4e7bccd:0x28ec2d5c6e5489c4,FL
685 Seafood,0x88e4dc18a36aabc5:0x6a75ebce3c9734c2,GA
The Harbor Grill,0x89b7f648b15e30c5:0x269e82e07a51e4e1,MD
What the Fries,0x8856a17c99ae6839:0x881ed6910353d7ea,NC
Seafood Market,0x88db3f59991e7cb7:0x975538c6830b3340,FL
Pokeworks,0x88e77be71b02991d:0x250193aa4ba73f68,FL
Brasas Rotisserie & Grill,0x89b7a13c873a2fd9:0xe6b931a0058bac3c,MD
Outer Banks Boil Company,0x89a4e1169aa570c9:0x5ab5a3dc4c8bc500,NC
Pura Brasa,0x88d9a160fe1eb831:0x20c54cb27ec39be3,FL
Poke Bros.,0x88f8ab67e63cfa59:0x84095cb87f7723b7,SC
Boil Bay Cajun Seafood and Bar,0x89b117de17d67783:0xdc70b2011b07850d,VA
Fisherman's Grille,0x89b99bf111ef56cd:0xd2f6e295da098d8,MD
Graffiti & The Funky Blues Shack,0x88915eb22fe0868b:0x48ccf534fdb199bd,FL
Pier 122 Seafood,0x884d41bbb2222347:0xaf9ec6d46e1c37ec,VA
Hooked,0x88f51d90e587f005:0x2aca8f6baf73699f,GA
Long John Silver's,0x89b6c1ce8a1af6f1:0x15dce8d3c48abe61,VA
Loft Restaurant and Tiki bar,0x88dedc2e55cf7289:0x5d9e5af49b9b5a46,FL
T-Ray's Fire Grill,0x88f5bf9d9e1dff89:0x79a065ba042634a5,GA
Outback Steakhouse,0x88e5b4f404cd7bc3:0xe20f89d3a1032a0c,FL
Sweet Tuna,0x88f5a1d1a2358b2b:0x3b971aa38d15c7a2,GA
Outback Steakhouse,0x88e729583a65478f:0x64df65575a90d7bd,FL
Poppa's Crab Shack,0x88e5b0a6dbadf0a1:0x7c5ff538c5c73ae4,FL
Bailey's Restaurant & Lounge,0x88f5b345cbd2dbd3:0xf90e301ff3857a47,GA
Coral Seafood of Florida,0x88dedd953dd83d13:0xc219350bca0b9aa7,FL
eat here Siesta Key,0x88c36a0a3bf1353d:0x2ac7bb945516c790,FL
Kajun Seafood,0x88f5a3b6f65a1e69:0x224decdea976a243,GA
Jamie's Seafood Shack,0x88ffd1fbde715555:0xc00d6cad4ebfd403,SC
Suzie cuisine,0x88d90727f3a79357:0xe56c041e7517c25c,FL
Dapur Asian Tapas Restaurant and Lounge,0x88d901c03dbf67f7:0xd20d4a844f0839fa,FL
Star Taco,0x88fe6d058b69b675:0x29bed5fd604f53eb,SC
The Juicy Seafood,0x88f50ba728d7cb5d:0x62fd47c3110a0091,GA
The Black Pearl Surf & Turf Grill,0x89c7ba89040da2af:0x1323795889bf8d9e,MD
Urban Crab Shack,0x89b7a3a76b420b6d:0x66fa5e94412edcf2,MD
Sixty-One Prime,0x88d0d1e65541ac41:0xe021e769b4dadfe9,FL
Estación Central - Central Station,0x88d9b7e8a33af5a7:0xbdeb5c3f893af29c,FL
Bashu Hot Pot,0x88e77931d2de0625:0x7d1746f914641c19,FL
Wood label bistro,0x88d9c75397011ebf:0xeff251c9c6e38872,FL
Coaxum's Seafood Spot,0x88f509ee31a6e8b3:0x6896841238daaf21,GA
Outback Steakhouse,0x89a89372c63c3c53:0x41bf4a86da8748e7,NC
JavaTropico Seafood & Grill,0x88f4ea091bfd0b0b:0x1627648f80163521,GA
Ocean Crab House,0x88f3e196094c88ff:0x15f147e9b9f33a1c,GA
K’s Fish & More,0x88f3fe417cd06f43:0xb1fd05b9a88adf20,GA
The Table At Inner Banks Inn,0x89af8fb1d7b3b531:0x29d3cbd23bfd0cd1,NC
The Dancing Crab,0x88c2ef6dc0b7ae31:0xeb3da68d63125a76,FL
Marisqueria El 7 Mares,0x88583136fd1f515d:0x73e092fe46c0afbe,SC
Lemonía,0x88db1c3cbcafd5d5:0xf1a84e378c86b7fd,FL
Tybee Island Fish Camp,0x14fa4292b218f1ab:0x2a6a70e733d2ca38,GA
Boca Bay Pass Club,0x88c4b2592c2fd4f9:0xfb7931caadd3d3e0,FL
3 Wishes Restaurant & Lounge,0x88de1d674df15f23:0x1ea4e6ac2bd0a2b5,FL
Popeyes Louisiana Kitchen,0x8890979511814763:0x19340a689e5c95c5,FL
Goldfish,0x88f50944e05b2689:0x15392732f7202711,GA
Grayton Bar & Grill,0x8893e46326a73c7b:0x4c8b0ae708351a2a,FL
CRAB SPOT SC,0x88ff6f10644bcc1d:0x7170df648b250056,SC
Panarea Mediterranean Sea Grill,0x88d9b2146f62885b:0x5cc9cd48586b0286,FL
Carrabba's Italian Grill,0x89c9db8379b42b1b:0xd6f02591b77514b8,MD
Pelican's Nest,0x88fc2deae9f86949:0x9d90ebb2fd5950a9,SC
Bowery Coastal,0x88d8d660f96eb34f:0xaa684cf9fd22747c,FL
The Current Seafood Counter,0x88e713879bfb0063:0x1c2fef7502ef2c5b,FL
Daves American Bistro,0x89b7d407127341c7:0xcd5ed3cfacaaa6c0,MD
Pescados Y Mariscos,0x88d9b9ce3cd27863:0x26d78e1795682049,FL
A.SAPP Crab Shack,0x88f2792391003c9d:0xf034d90549e6d9bf,GA
The Fish on 1826,0x88d9b49c9a77cba9:0xf07bfc2a22d237ed,FL
Olive Garden Italian Restaurant,0x88dd7b02dd06f4d7:0x4d8f067ec1306a2c,FL
Seafood Kitchen collins square,0x89ba95224b9a0a07:0x240cd546f1a24f60,VA
Fish Hole,0x88ff49384649bf93:0x1d55e2fd8d7c0f8,SC
Jimmy’s Famous Seafood Express Food Truck,0x88dd3df71c8e6d8f:0x4f6fea0094fe8638,FL
Lobster House Restaurant,0x88d9061ac2bd6483:0xff1c0c58a40c2cef,FL
813 Salads & Seafood,0x88c2c3817ddc5ac9:0x7352604c28fc18fe,FL
Red Crab - Juicy Seafood,0x88e695593192b1e1:0xb62567596de79209,FL
China Garden III,0x88db49932a7ecb0f:0x5e882f1b0f47a538,FL
Stonewood Grill & Tavern,0x89acf26a1ee9fc57:0x37a63bd9cd46448c,NC
Dorados’s Seafood,0x89b7cf7a3615aa8b:0x455bf8f33125e1d0,MD
Port 151 Raw Bar & Grill,0x89ba81636bcb2f03:0x93547e0056d5f413,VA
Long John Silver's,0x89b23ad6142aef25:0x4326b72e6044cb7f,VA
Captain Gillan's Waterfront Seafood Buffet,0x88fc7992a0af067d:0x75a74d5adfe68634,SC
R&R Seafood Bar,0x89c808ad87de3d95:0xf95ad30d8e6736c3,MD
Keys Cuisine,0x88d0fd3d50f72531:0x93acdf0aa2dac6d6,FL
King creamy seafood,0x88c2c7a6d10768b9:0xe09ecff0544cb20b,FL
Pier450 - POV Restaurant,0x89b9e33f89bda89d:0x53c8430529bc2e67,MD
Sams Southern Eatery Fayetteville Nc,0x89ab6d3432de9c5f:0x9eaf366f4d501043,NC
Sidneys Seafood,0x88f4fcb65ee9112b:0x840d9c74ea6b3882,GA
Harbor House Restaurant,0x89c7f3d2b1fe3d8d:0x3bbcd6b5efbc8176,MD
Margarita Cantina,0x88d9002c12198159:0xa1ef1733089703b2,FL
Island Food To Go,0x89b63da518bb3daf:0xc3df00b356793c20,VA
Matanzas Innlet Restaurant,0x88e699c04eef520f:0xaf20de12437c4ce0,FL
Storming Crab,0x88e7d5b3606159f3:0x6e857dae11aff156,FL
Southern Restaurant Group,0x889144808551d29d:0xb12de4c7103c210c,FL
Chef Racks Garlic Crabs,0x88fe61f262b4f683:0x8caf04ed6630291a,SC
Mini Restaurant,0x88c2e18d4eea7d8d:0xc1d65e67e409fecf,FL
Garibaldi Mexican Restaurant,0x88f8a30edaa2e38f:0x2131fa2dbf4c63e7,SC
Aloha Krab,0x89c9db0e1ab2e861:0x3a7a15b95c28a15a,MD
Main Street Sports Bar & Grill,0x89b2d9845bb2f31f:0x4f21e49834ea546,VA
Popeyes Louisiana Kitchen,0x88e88f8970d2dc51:0x8cfc13379b66992c,FL
Pate's Island Club,0x88db1e3dab40b1bd:0xcc9aa1587200cbed,FL
Far Rockaway Fresh Seafood and Pasta House,0x890040fa3d400da1:0x779430c2f932b484,SC
Fitzgerald's Seafood TL,0x89ac5e466d37d707:0xf2cd3471a53148e3,NC
Sully's Seafood Inc,0x89c806755e573a9f:0x51f7dab23cb7019b,MD
(food Truck) Prime 757: Craft Meat and Seafood,0x89ba965ccda6d07b:0xddc48e816f4c2065,VA
Fish Fillet,0x88f279e48f5e135d:0xffcae4b568b33fc9,GA
Mallardi's Tuscan Grill,0x88d9a0aeab2192dd:0xd4fd9be3c8466d93,FL
Patterson's Restaurant,0x88f2ba6d6012bef3:0x7979be502cc57e56,GA
BLT Steak,0x88f5047bd18c5437:0x1d9e44d347968209,GA
Juicy Crawfish - Conyers,0x88f44bdd6444e171:0xe110b5db48864596,GA
Long John Silver's,0x88dd47767dc1cb8b:0xf79801687a9f61b,FL
Louvenia's Seafood Market LLC,0x88f12005ae51b155:0x1fea7de73a2b5952,GA
Chill & Grill Fresh Seafood & In House Smoked Meats,0x88de5da6f3276557:0x4536c6a8dc3e48fb,FL
Fish Bar and Grille,0x88c2e29be31763cd:0x73c6c5cf544793ca,FL
MKT Kitchen,0x88d9b77a06a97169:0x4c9c6bd2842fd82b,FL
Argentango Grill,0x88d9ab9fefd1b0a7:0x1d9bc427c8ba6dc3,FL
Chart House - CLOSED,0x88fc7719675bd56f:0x87a878e91e33668d,SC
Davi Cajun Seafood,0x88e77ac38abf788d:0x1005b9142f425572,FL
American Tavern,0x88f5b871a8315b37:0x9bec7ddcda6da295,GA
Blair Mansion Restaurant,0x89b7c8971eb8fcdb:0x5dbb2400b6672e8b,MD
I Crab,0x88f5bf2e56231761:0x20aa9ed23bf069f3,GA
Ocean Galley Seafood & Steaks Express of Claxton,0x88fa60e7365683ff:0x993cbddb7f98cb8c,GA
Fish,0x88fe7a6baecc1b11:0xd95601a49a5e8bb3,SC
Crafty Crab,0x88f8bb1410676aab:0x2dfb7951a760ff76,SC
Crabby J Seafood Markerts,0x89c7e3e2d730f259:0x744d812e45301c16,MD
Restaurant,0x88d9c74acb1b8429:0x34c1dcec8db10ebb,FL
Asian Seafood,0x8890bf47a6991f75:0x84d1cdec7288a3d7,FL
BOHO World Cuisine and Entertainment,0x88d9020de08de05d:0xe3f1c85698481dfa,FL
Red Harbor Seafood N' Chicken,0x89b117f70efa093b:0xd576a2d6b48edced,VA
Horrizons,0x8900aba7b510888d:0xa6aed63f750c3128,NC
Popeyes Louisiana Kitchen,0x8856c9254902ee11:0xfee22c706486055,NC
shell shack,0x88c2f31f4efe6f51:0xeeab526e30daf283,FL
Casa Del Mar Cevicheria Ecuatoriana,0x88dd842694b5809d:0x9b1a71174262c2b5,FL
Crab Island Flagler,0x88e6c061454891f9:0x4261afe4f6214e39,FL
13 | EVEN,0x88d9019faf7c1253:0x3dd08333301cdff1,FL
OCC Road House & Museum,0x88c2e5c351d6a07f:0xf1f07247efd430ad,FL
RickDaddy's Eatin' Fresh,0x88c2f98069e1ef09:0x7545841131bae297,FL
Fisherman's Net,0x88e6c0648b1368a1:0x7d15df2c3b303e25,FL
Captain Billy's Seafood,0x89b5ac74feac02bb:0xca2b97ed6d370e2d,VA
Sawyer's On The Boulevard,0x88fe716d5c8d67db:0x11514c8501af09f5,SC
Capt Marcos Cuban Seafood and More,0x88dae232ba6cc6ff:0xaf234870ea8f3759,FL
Riviera Mediterranean Grille,0x88c33986c59ed423:0xda48455b992750db,FL
Freeland Crab and Seafood,0x89c86f33f18901f3:0x3c29614f77b27b72,MD
Popeyes Louisiana Kitchen,0x88fa61d86cb143cd:0xe1e3e056e1a953a8,GA
The Badie Seafood and Grill,0x88d8d5027284d0c3:0x74e760edbdda8659,FL
Captain Crab,0x89b492b0bc02abb3:0x132209587b38c9ad,VA
Fish Bone Collection ® Apparel,0x88def17279d3915f:0xffafc00c71a221d4,FL
Drew's Crab Shack,0x89c7e658ec7b18b3:0x4bdc76071a47ebef,MD
Gassetts Gyro & Seafood,0x88c2c5e1d68d2d6f:0x1b2345c1c0bb7958,FL
Guang Hua Chinese Restaurant,0x88f9ce3f65893b1d:0xd22e6c95c8e27649,GA
Orlando Fried Chicken,0x88e779dda499714f:0xb1bb41bd95fda834,FL
Seafood & More,0x8852b3605ae9f0c7:0x117304c68416409c,VA
Masala Tandoor - Indo American Cuisine,0x88ecf5ada79d123f:0x611fb8fc8ef93e1c,FL
Carrabba's Italian Grill,0x88e5b4ecbed69bb1:0xbab563a18183c39,FL
The Seafood Dive,0x88c2cdcc7aa50869:0xfc3f8d09db048763,FL
Momma Shay's Kitchen,0x88f6c7e93f1c7fd3:0x20465a9b21208ace,GA
Captain D's,0x88e6654484a0a57d:0x8654d158a7c8b18c,FL
Islas Moradas,0x88d739ca5b8bce1d:0x72b8ef36fca37665,FL
Big Daddy's Roadhouse Grill,0x890069bff3b91dbd:0x63701c47812b594d,SC
Crafty Crab Hanover,0x89b7e32bcdbcdfd9:0x80f9706558980ff6,MD
Underground Burritos,0x88fb89308a66823b:0xcc09f4d25833a306,SC
Old School House Restaurant,0x89b35d9a88d97d79:0x78681b28056f1521,VA
Reef Cakes,0x88c34166fe2bc94d:0x9bdf23fb3c4ff855,FL
Seafood restaurant,0x88f5232ba2db86ef:0xb876e33a015bfe3f,GA
Perfect Pollo,0x89b13dbf9179777b:0xe3c75100e7654d2b,VA
SunQuest Cruises SOLARIS Dining and Entertainment Yacht,0x88915bfa5831d93b:0xeb33ff4986947e65,FL
The Sea,0x88c2c3766efd92a3:0xdd6f1670e0827377,FL
Jazzy's Kitchen and Catering LLC,0x88fb7793e82dffa7:0x1029544cfaa39e1d,GA
Notcho Momma's Food,0x88e77ba18a424ed1:0xf17ed7cb2ee032bb,FL
West End Grille,0x88ece871d06b6e7b:0x62b8d0b8cc764663,FL
The Kingstide,0x88fe6f60a0d01653:0x87f0338beb494190,SC
The Islander,0x88fe6ff13de843eb:0x189a4bcb13484469,SC
Turbeville Seafood Market And Restaurant,0x88ff9a91e93f6cd1:0x194570239030e374,SC
Brawy Seafood,0x88d9a66dfcc49c81:0xcd2529222f34142e,FL
Carrabba's Italian Grill,0x88531cf57b67cdcd:0x7b93dea476688bf7,NC
Over the Waterfront,0x88db34e86aaaaaab:0x7e9b19fdc3fceae,FL
Reef 118 Oceanfront Restaurant,0x89b8d41933e89ff7:0xe3320602b14833a9,MD
No 1 Taste III,0x89c81ccf53f4084b:0x69f15804f4f71e41,MD
Chicken Shack,0x89b1112741efcfad:0xb41fe7da8a024784,VA
Yami Crab & Bar,0x88d909e302dc3c0f:0xb6dfefa92d7d67d6,FL
Legal Sea Foods,0x88d91e7bcdb33c35:0xfe11273eabac781,FL
Heart & Soul Seafood Cafe,0x89003f561a6b2e5f:0x61f9eee27ccac263,SC
"Pier 36 Fish Camp, Seafood,Oyster, Tapas,Bar & Grill",0x88e76e398b6fffff:0xf7448e8455dd4a1a,FL
Woodpoint Seafood Grille,0x89c992ac66ec7287:0x6ba7abfb8c437e81,MD
Stonewood Grill & Tavern,0x88e449dab96a3a45:0x1ce10aab18d3c00d,FL
Cajun Seafood & Grill,0x885319cbcf4a720b:0xc588de36626db026,NC
Fish Market & Restaurant,0x88d9b8253215cb3b:0xf5b65c1df710207f,FL
Vince's Crabhouse of Manchester,0x89c843cfc675416d:0x46cc18f560ead3eb,MD
Harrison's Eastern Shore,0x89b83c770d36bf23:0x8a36aff7d99010a6,MD
Red Hot & Blue,0x89b642cece0137f7:0xb5f1e3e7e043b1c4,VA
Marshall's,0x89b791cd38fbe303:0x9d8933d3f7a3feab,MD
Crafty Crab - Sunset,0x88d9c19b172c8b6b:0xce2f31b1e5f765fb,FL
Monae's Caf'e,0x8856a3ac0685390b:0xac900e1a57942828,NC
Riverside Taco Company,0x89b7b136a6c49121:0x8e76b87a5b57a8de,VA
Barnacle Bill's,0x88ecf59175787047:0x85b612c471b909ef,FL
Calico Jack's,0x88ec5f3250585fb1:0x5f6f613d1fe01a20,FL
Downunder Crab Shack LLC,0x88ece8706de43d95:0xbbf77862e8980dfc,FL
Ceviche Co. Xpress,0x88f5bd69e8256e31:0x425c9ca7a2250bec,GA
Artisan Beach House,0x88d9ad66d5c8e225:0x43f09779f58d73ef,FL
Primo Prime,0x88569fe996fa9bd7:0x1c6337037bf05541,NC
Signals Caribbean Grille,0x89c799f9cfbed9a3:0x5b009b1e796240ec,MD
Marlin & Ray's,0x88f5b288efe0cb27:0x64dcafc980fe7a19,GA
Popeyes Louisiana Kitchen,0x88f541b85c9b7f0d:0x8f86ae22eb694089,GA
Route 12 Steak & Seafood,0x89a52ed0bcc4b785:0x7855b8d36c3f5e2f,NC
Ram Cat Social House,0x8858f4e115347a91:0xe73f31f8999539c9,SC
The Grille at Bellalago,0x88dd9c8fe5c25f39:0x1fc6bd1f340ed078,FL
Boss Cow Oyster Bar,0x88d9b747b4445ead:0x8d7357cb9999d4de,FL
Elliott’s Seafood,0x89b9278d59b5a7df:0x5c51e4cb79fd6ddd,MD
A & T's Breakfast Café,0x88847e29c27fd8f3:0x9816712960e03b1f,GA
Q's Seafood,0x88f5b9a3d314c7e5:0x762b5db5e6b2a997,GA
KayDeAeis,0x88ff6620bde7e2bb:0xd42d0961de311d47,SC
R&B Seafood Box,0x89ace380676a0447:0x1c76cee43d14156a,NC
Malula wings seafood subs salad,0x88e5b510280178e5:0xed333707709151e6,FL
Bluwave Lobster House,0x88db399a9ef876d9:0xd5f0e61569dee7d,FL
The Squeeze Steak and Seafood,0x89a9f8f06323ffff:0xd386c94abad4178d,NC
PokeOno,0x89c8032b35aba6e3:0x55e75247ee59e0ae,MD
A Salt Shack,0x89b903779bea99a9:0xe5d3d5890678b0a0,MD
Lighthouse Seafood,0x88f66cbede149b81:0xaa7abd4290878e24,GA
The original Tunis seafood & chicken,0x88e5b03a643f8eef:0x98d0e1bd1841d03e,FL
Popeyes Louisiana Kitchen,0x89b7f7ad2d2c9be5:0x6ceafb906896d42b,MD
Coast Seafood & Raw Bar,0x88f5058f4afda987:0x7a206029a71a76bf,GA
A&M SEAFOOD AND MORE,0x88c2e3c0514fd137:0x472fc6e9a0198bbb,FL
Jelly's Beach Barbecue - BBQ,0x8890c5323b8b895d:0xf14ae5a0d07b1b44,FL
Soul Delishaus,0x89c8077ca87d063b:0x5056c8086bb4b1de,MD
Social House,0x884d9574d0bc83dd:0xa63dad025c79a6e7,VA
Bernice's Best Fish And Foods,0x88f836617004a93b:0x70612e6a59496a16,SC
Okeechobee Prime Seafood,0x88d929792cd91ed5:0x66b418b2978c1bb8,FL
Popeyes Louisiana Kitchen,0x89b7cf1de0cb1abd:0xae071b39d95756aa,MD
B&B seafood,0x88ec85cd859cae37:0x10f1781de8d714ae,FL
Jamerican Cuisine,0x88d8df2617ce208b:0xb9cdf06da7ffab96,FL
Chart House - CLOSED,0x88d901fc0a22b5c9:0x40ed8b776d11df2c,FL
Something Fishy - Altamonte Springs,0x88e77171a6e55555:0x9c4ed2d66624865a,FL
Pappas Sports Bar Inner Harbor,0x89c8035fbb8b61d3:0x4eb440f063d9dfd8,MD
Bourbon Boulevard Chantilly,0x89b6454cf7ffe4d7:0x1655901957b7a4be,VA
Truluck's,0x88d8e21ce973d9fb:0x531eb8d51a945052,FL
The Fantastic Crab Shack,0x88c2e2223be84d77:0xe15c164c11bbb045,FL
Coleman's Original Calabash,0x890086aaafcfe5e5:0x8b8a350851ce6ad4,NC
Marie's Bistro,0x8893e3a42ab1b64f:0xab3f5dcf271ba26c,FL
Rusty Fox,0x88e78e83a53f9c31:0xf1b9088a9c968e69,FL
SeaSide Thai and French Restaurant,0x89b73d821b61f275:0xfd633f209492cc57,VA
Ocean Bay Seafood,0x89aeb5f0759986ed:0xd0f82647469ea4fa,NC
Super Yum Crab Shack (Columbus),0x888cd311f3c118ed:0x5fd78bf8114568bb,GA
Cousins Maine Lobster,0x88f515560bea2897:0x48396f45fe53e578,GA
Balao - Fresh Seafood & Cocktail Bar,0x88fe7a0c5c9eca0b:0x165269e8ae6ac641,SC
Sports Page Bar & Grill,0x88d8d5d3741a778d:0xc89bfcd1c6852e34,FL
The Oar House and Oyster Bar,0x8893dd642882119b:0x6e78f6f0eb1e6acd,FL
Poseidon Sushi And Seafood Restaurant,0x88d9ace0ae09045d:0x119e844b3b970b8b,FL
The Colonnade Restaurant,0x88c2c34c0829a25d:0xd2426563688a3dea,FL
Jazzy's Seafood,0x89b7d33ccbbd9261:0x1216f9e9d56ccf3c,MD
Holton's Seafood Restaurant,0x88fb199d3d3373a5:0xe398252e29cc9713,GA
La Marea,0x88d9b4919310d553:0x46d2d3e4c19b829f,FL
1635 On The Avenue,0x88fc0ccf3c3afce7:0xc4e8db484b227bd4,SC
Bongo's Bar and Grill,0x88db3bee24ad05c5:0x8c372e85ba6e9776,FL
Lil Mike's Catering and Family Restaurant,0x88f02b93831c1a99:0xa7d58e331ff6cbf9,GA
Benzino's Crab Trap,0x88f51199f7a46751:0x14c79a8f481d534,GA
Brooks Dockside Seafood,0x88e845efdf76c9dd:0x7bc4c5e3ae845d76,FL
Seafood Carry-Out,0x89a91069fade3e51:0x3021d257cd7c508e,NC
Bonefish Grill,0x88938eceb48366b3:0x2fcf32aa49b607a4,FL
S&W Seafood,0x88f59f554a7ea097:0x734675061dc25b4b,GA
Lombardi's Seafood Café,0x88e7707a5065ec53:0x2254b4b5aca88181,FL
Four Seasons Restaurant,0x8900635edf717e7b:0xdaeb6e738ec369ac,SC
Happy Crab,0x88c2c054886eb971:0x2b4daac055b79bb5,FL
Cody's Original Roadhouse,0x88ec5f24909b899f:0xc57a68f19a03bff6,FL
Island Grille,0x88c2f731212d8a61:0xf901496851955498,FL
The Captain Ship Seafood Market and Eatery,0x88dd344f1eb344e7:0x8d683ae6efcbbec,FL
Cape Codder,0x88de1ceb2058d387:0x2fa2b37d06aaaf30,FL
Ameen fish and wings,0x88f457790067a767:0x9548d563fb258b62,GA
R & B Chicken and Seafood,0x89b655f1b59bfe77:0xaaf5dd7f8e8bc001,VA
Popeyes Louisiana Kitchen,0x885689be85429587:0x8f1d18b621aebcfb,SC
Zeafood Time,0x88f3ff2f49ee02c9:0x541df2c4e649b5b7,GA
The Golden Bite,0x88f4e73a434769a9:0x89bedddb5a515d95,GA
Spoto's Oyster Bar - Stuart,0x88dedd5d7656e3ad:0xc23900e3abe050a6,FL
Myers Seafood and Market,0x89c8342ee4152537:0x4d3b18ee785c0ea2,MD
Crab Du Jour Xpress,0x89c7e9aa5e4128bf:0x750f6775fe5bc5e0,MD
COLIN'S SEAFOOD AND GRILL,0x89c80f7d373aaaab:0x524d3c983780fdd,MD
Starfish Restaurant & Bar,0x8854b1ad3ec3f4ad:0x968ecbbbe9884a31,NC
Chanson Restaurant,0x88d8e2609f8446ef:0xfd29dce3da8a14ef,FL
Captain Pat’s Seafood,0x89b75f0fbbaddab7:0x9f4449d5bb1b193b,MD
Edge Hotel Clearwater Beach,0x88c2f747e970185b:0x7bfa3cd60ffe2856,FL
Cedar River Seafood,0x88e60f316393ec6d:0x1dea41c4c6963e90,FL
145F SEAFOOD BOIL,0x88e5b598b0edffff:0x5979d1b6ef31a8a7,FL
Not Just Crab,0x89c819fb742bd16f:0xc43266b4abc19400,MD
Tightwork Soul & Seafood Grill,0x88d9b147a83dffe3:0x35de37369f0770a1,FL
The Crab House International Winter Haven,0x88dd136cf9fdebf1:0xb132210b99cd7345,FL
Golden China Buffet,0x88d9b0f0aae3111b:0x4d7e119a8f4452a4,FL
spicy & juicy crawfish,0x88e449106e988b39:0x4934a2cd317480e6,FL
Polo Crab House LLC,0x88c33d93e81c6135:0xc35f09a33d24e59a,FL
Ice Crab House,0x88e5c761575fecef:0xb6a1f9dfc4bc8895,FL
Catfish Feastival,0x885802f709055555:0x543bf3f8c801cd82,SC
Ario,0x88daee5c01c3a1cb:0x404bc6e3ef7b690,FL
Buckhead Grill,0x88f589da1824fd6d:0xbf153649997d4d63,GA
Popeyes Louisiana Kitchen,0x88f5a9129f38ce4b:0x6deda31b9ced4b0f,GA
Shuckers Oyster Bar & Grill,0x89a98caebedbd737:0x6ca60e6db15f0cc9,NC
The Twisted Crab Edison -Seafood&Bar,0x88db411a155462af:0x56235ce50e1a30fc,FL
Vernon & Steve Crabs,0x89b6f88e2b3fea1d:0x5088236704964cb4,VA
Drop Anchor Grill,0x88ec5f8f0775c7f1:0x18a7d9390bae99a0,FL
Stefano's Italian Grill,0x88e77f0a1eb07ee9:0xaadb1c5387bd2f7a,FL
Prime Time Chicken n Fish,0x88f5ad75025404c5:0x40fa4d470fe35774,GA
Steamers Island Grill & Bar,0x89b719808e5b757b:0xba6075016a237eff,VA
"Red Hot & Blue - Kingstowne, VA",0x89b7ad1c0273a315:0x60bae67e17434f8c,VA
Red Hot & Blue - Winston-Salem,0x8853ade16560d3b1:0xfd442ac104ae5eb0,NC
Rock & Toss Crab House - Waldorf,0x89b7a156152f149b:0x4a4268f610ccb721,MD
The Fishing Hole,0x8890c6f0d5654e79:0x2685dce24293548c,FL
Joe's Crab Shack,0x89ba980bbc5ec4a9:0xb7002553d5a0363e,VA
2 J's BBQ & Seafood,0x89b901811bbcfd2f:0x9dbce6f9819cc32c,MD
Kutty's Restaurant,0x88c33fb8f770ffff:0x80ed9325a1a15f19,FL
Caribbean Cove Restaurant & Lounge,0x88de01e25bf7991d:0x53f0958152456f1d,FL
Fish & Chicken Corner,0x88541fd6acf54add:0x514c88b53759426b,NC
I N K A N T O Authentic Peruvian Cuisine,0x88c341b031c37c81:0xf9b9895b4ed5682,FL
Majestics BBQ & Seafood,0x88f5a9aa6ae9331f:0x640c5a06c9e39d94,GA
Acquapazza Ristorante,0x88d0cd4dd99a3b1b:0xa678aac19e8992b,FL
Chicken and Seafood Mart,0x88f4fa3f4fe6148d:0xf25ec97fb7b8cdcf,GA
New York Fried Chicken,0x89c81baef45ade0d:0x8e7b0f1135bfac1,MD
Coast,0x88e455c8b8a36f2b:0xec548799c27c034a,FL
Otani Japanese Steakhouse now Kuktop Grill,0x89baebcae95d1d07:0x4f053bb6df55336,VA
Full Circle Crab Company,0x89a570c109d37979:0x2bc2203b0b7b9dbf,NC
Seafood Kitchen,0x89ba83a02e94057d:0xc817cbdf14f7cc5,VA
CALIFORNIAS TEX MEX,0x89c9ed551da99da7:0x1fb83a0553f44cb7,MD
L&E Fine Cooking,0x88d8d7800bde2e2f:0x40dcf85b1ad210c9,FL
Suki's Seafood & Grill,0x88d9b1f7c8c7c659:0x4ace3fdf7005c2ab,FL
Four Guys Ố́c Lẩu Quán Atlanta,0x88f5a358d500d79d:0x4b15755224a8aa1f,GA
Londons Seafood Place,0x88e5c7710a8c44b7:0x79f337fe201bf713,FL
Liberty Seafood Buffet,0x890069ae7ae5c133:0xc9b56a818d9f4bf,SC
Log Cabin Restaurant,0x89ab02fd8ef8fc1b:0x1cb2e27527635f36,NC
Thai Moon by the Sea,0x88d903f0093dd03f:0x3e003aed3f263d56,FL
Harbortown Marina - Canaveral,0x88e0a8f0bbad8581:0x14a508e8fe4580e6,FL
Marley's Café & Lounge,0x89ab6b9805780779:0xcc24f4dc35af7a3b,NC
The Lobster Pot Bistro,0x88c2f72b64eff7eb:0xd3700bb105edcbb2,FL
Johnny's Seafood,0x89a958fee83efed9:0x3d5401ac757fc610,NC
Cameron's Mobile Seafood - Arundel Mills,0x89b7e3e3cef72153:0xc4646d80bb0c5164,MD
Everglades Seafood Depot,0x88da5c61ce82c10b:0x8daff96e00e6bfe2,FL
Long John Silver's,0x89b7bf93648d353b:0x679f84386a509698,MD
Oasis Cay,0x88d0d1348b405f27:0x3b8d4464854d87da,FL
SEABAR Modern Pacific Fare,0x88c341197b1ec465:0x7cbd1a42ef62558,FL
Farrell's Seafood,0x89b70d0270a0b5d1:0x2f190e1614cddc9,MD
Louisiana Crab Shack Alpharetta,0x88f59f17316d98ff:0x98e7d3e1eee37613,GA
First Crazy Fish,0x88d9a9a177ed2ed5:0xf2ef1dabdae09304,FL
Ceviche Bowl,0x88d9c146054ecf55:0x93d1e54f38bb5374,FL
Skrimp Shack,0x89b4771350a29f09:0x9c5b71cf47c2ce36,VA
Inlet 790 Grill & Bar,0x89a9a6388d91748d:0x40f8e0f769f3a5ca,NC
Bonefish Grill,0x89b7f6cfaa6d63e5:0x15477bf938298860,MD
Saka Mori Japanese Fusion,0x88d9ad58be954c2d:0x7b1391cc97419585,FL
Creekside Southern Grill Seafood Restaurant & Steakhouse,0x8890df0cf26a99e5:0xb134621194677cb7,FL
Kevin's Crab Shack,0x88c317e60796f9f1:0x1e7211ce04af53eb,FL
Long John Silver's,0x89b00ee325f4c6af:0x4fea688efff6907f,VA
La Finca Mexican Grill,0x88dd81ca7790213b:0xe2fde60b067b030c,FL
Calvert's Restaurant,0x88f9cd8555ad589b:0xa0d10e6f7bbf4ee6,GA
Escobar's Mexican Restaurant,0x88e5c51d09fad029:0xa9cb0616dd567d12,FL
Sandhills Seafood,0x889399320a120931:0x2954a2b42486a6a3,FL
Popeyes Louisiana Kitchen,0x88f5ef9d7eca4941:0xd9c6750f0143f078,GA
The frozen palm tree,0x8858c71980e65ab3:0xd0e48e7371b4448f,GA
Gene's Seafood Restaurant,0x88e44acd4d87763d:0x3d4430ffed86ca7c,FL
Red Lobster,0x88e77850e0bdb251:0x4d367217c5112cf8,FL
Captain D's,0x89bac009c5f8e069:0xbebc187e71e2635d,VA
Kajun Seafood,0x885f7dbadd61de17:0x172d71a36a693f54,GA
Mex 1 Coastal Cantina,0x88fe7151131ff4c7:0xe66f5466c208a053,SC
Red Lobster,0x88dae1e7902caf27:0x515c8ae6571aec6,FL
Crab Shack on the James,0x89b077e200b8d757:0xa34408610ee94f40,VA
Crab Man Seafood,0x88f8bd0ef8b6fa65:0x83978f789c9188b8,SC
Caretta on the Gulf,0x88c2f6d18d074e75:0x92851229c38ee622,FL
Poppy's The Crazy Lobster Bar & Grill,0x8891414e0a4a1543:0x93deb4bb8994ec87,FL
Ocean Prime,0x88f505f3e5058edf:0xed8139ad58467e97,GA
Caribbean Flair International Grill restaurant,0x88db3c72e56345ad:0xa0d972aea6d6de5b,FL
Dixie's Fish & Chicken,0x88513438ab891da5:0x9cad658804608971,NC
K2 Restaurant and Lounge,0x89b655ee3c41955d:0xb35ac21b78c925d0,VA
The Corner Stable,0x89c80df9ef29ffb3:0x7eab69968548e1e2,MD
Salerno's Restaurant & Catering,0x89c824d396b8fd6b:0x4bfcdbeb92f5de25,MD
Chuck's Fish Athens,0x88f66d9c5322805f:0xd8235a3cbd97e6d5,GA
Popeyes Louisiana Kitchen,0x89b7b3fcab424e3b:0x3e3a322411dadba8,VA
Red Lobster,0x89baa04d329b3027:0xaa43a8a533700685,VA
Anchor Seafood Grill & Oyster Bar,0x89ba9f7bb942b63f:0x872c794d02fe58b1,VA
Parish On Cherry,0x88f3fe7b6ecf549d:0xc18da7f6979704e1,GA
Quarterdeck,0x89b7b6f5b1ee2249:0x7a0fa97db30b464d,VA
Olde World Restaurant,0x88c354a3034cb255:0x3e8cae167458f7e4,FL
Bonefish Grill,0x88c35a3246d56d2f:0x47a156a8bda5de88,FL
SEA-GUINI,0x88c2f7285edcde81:0x5330282a7b96fc7a,FL
Gulf Coast Seafood Market and Restaurant,0x8890966585e36d3f:0x131d47c2c60a8d31,FL
Michael's Cajun Seafood & Wings,0x885833b58887c9d7:0x4a0349f6eac30e1c,SC
Linger Longer Steakhouse,0x88f6f270fd1d595f:0x48ba3275caaee2eb,GA
Mok-N-She's,0x89b44dd9a93f8699:0x3b36ee011e635c88,VA
Hog snappers,0x88de11527f8c59c5:0xf70c22f8fbfd3b90,FL
Dutch Harbor Seafood,0x89c8127eaf96fba9:0x5ec6c0a984e72327,MD
Paradise Bar & Grill,0x8890c5e78da67f03:0x78f1444714053a37,FL
Popeyes Louisiana Kitchen,0x88dd841f3eb7ff9f:0xcc9b0e0482e18e17,FL
Off The Hook Beach Bistro,0x88c2fc47a68f1a2d:0x294e4adfef912193,FL
Fiery crab Juicy Seafood,0x88568945f5b08b35:0x541ad7379a6e078a,SC
Revells Seafoods,0x88ec0166110950bd:0x619a72cfc30f3754,FL
The Fish Guy,0x88c291e89165e399:0xca3fcc4ab5fe5eb6,FL
Shoreline Seafood Shack,0x88e5c53ec1f9e113:0x8550f87f829a62a8,FL
Savannah Seafood,0x88f4fa2e5da40691:0xd9aa7b2a3a40b562,GA
Rock Lobstah's Groove City Arcade Bar,0x89b849f8f96d64d1:0x99debf512ac8e196,MD
Mr Krabs Hut,0x88f4e746833c66d1:0x1db178eeac7cbfe2,GA
Brick House Kitchen,0x88fe78f66bcaa55d:0xca5ed4f682b2ae7,SC
Roselie Dining and Seafood Bar,0x88938ebcf956404d:0xa1d864bde4fc041a,FL
Mom's Fish & Fry Seafood Restaurant,0x89aad57ab26b0139:0x97912214f0c1dd49,NC
Wangz Bar & Grill,0x89ab31dca0d87ccf:0x742a7030b9916a1d,NC
Leo's Subs Crabs & Chicken,0x89b8d3f97118879b:0x5fe113f0bdb57384,MD
Seafoodie,0x8854dd05431157a5:0xeeda185eb3b3b9b4,NC
Old Florida Fish House,0x8893ef8a365adb65:0x97df98dff15fdbac,FL
S and C Seafood,0x89b77d86a73bc01f:0xe79e0a07bc38413d,MD
Hook & Anchor Family Seafood,0x8850b2e203b67a97:0x875321683835f699,NC
Ballyhoo's Island Grill,0x89a8faed0e6c354d:0x990c3396e3d3f0a3,NC
America's Best Wings,0x89b7c09c34aa9b95:0x20088c723b2d97f8,MD
The Capital Grille,0x89c803629c02a719:0x3fbd6cd654478f38,MD
Hooters,0x88dd86c55fef7853:0x53627eba8a12a839,FL
Marina Cafe,0x88914155bd39c7a1:0xb7277935b874a699,FL
Riverside Express Seafood,0x88dd39d4b020c367:0x792689e9ebf62fe9,FL
The Pickled Parrot Island Grill,0x88db46c2f8eda79f:0x12388b9257cd3ee,FL
Sarah K's Gourmet,0x8891435669050c33:0xb576eff4e3560b1a,FL
Fishnet,0x89c805db1061cd3f:0x26153816f39bb0a5,MD
Roy's Kitchen & Patio,0x88541ff6bee0d0f5:0xf2b3adbb67525e86,NC
The Barn,0x88f5a495623a34d5:0x244f19115028e414,GA
Café de Marco,0x88daef9f2db64d0b:0x6fe708f87ad816a9,FL
The juicy,0x88e449e05e5969fd:0x98233320503add88,FL
Jerry's Market Restaurant,0x88c2c5d5ca72c02f:0xba875d9c14a9dd46,FL
"Triple Tails Oyster Bar & Grill, Liquor & Convenient Store",0x8894eb6573a1a95f:0xc984c1110f8037c4,FL
Olive Garden Italian Restaurant,0x88dd473e41176501:0x9c4ec699dff0ec2c,FL
Hooters,0x88dd47408619323b:0x216f8c79bd2daeb,FL
Bahama Breeze,0x88fe63ed602d5bdd:0x6d4b2398518fc15b,SC
Rommy's Cuisine,0x88fe8d3a763a964b:0x5a536e65390d889b,SC
Olive Garden Italian Restaurant,0x88f5653d123754ab:0x70f62c6d2eff99fb,GA
Landing Restaurant,0x8856b2a9025071a1:0x7e8b638ffe7ddcab,NC
Embers Wood Grill,0x88e8a326aebc3283:0x8850ffd793b1509,FL
Maldini's Ristorante Italiano,0x89b112349e91e749:0xee92ec70eeb3b3a2,VA
Woody's Local Neighborhood Rum & Grille,0x88db47c8a9cfb7c3:0xc2d5f54d3a67e49b,FL
Miller's Ale House,0x8890bff6122114b1:0xc43cc4502ec61bc7,FL
Port City Seafood,0x88fe63c0c2419263:0x540283b97ea82b44,SC
Fish House Restaurant - Ft. Myers Beach,0x88db3d100117dfb5:0xfdc8be60282095dc,FL
Skrimp Shack,0x88f9cf3910aa10ab:0x4a4652e0de69567e,GA
Mariscos Las Islitas,0x88f5a6bf0f354d07:0xc10550e39ff8d2a,GA
Chicken Box Cafe,0x88541e160772f1ed:0xde067b4b52c7ae48,NC
Mullet's Fish Camp & Market,0x88c2e18601b1a787:0x9b2e8460d54f8477,FL
Big Tuna,0x88f4fb6bea74dc5d:0x579a888ec01fc519,GA
5 o'Clock Somewhere Bar and Grill,0x88d9ab3ce41ed805:0xc5cd955d985373f8,FL
The Washout,0x88fdd7c1fca1ccb3:0x660e14ffe376187a,SC
Carolina Seafood Restaurant,0x89aacab698b9e525:0xf0e1c6e89b2eb59a,SC
The Shrimper,0x88ff93421e3fe30b:0x809f8d77599061d9,SC
Crafty Crab North Monroe,0x88ecf57edca7c3d5:0x506dc0500d6b1f46,FL
Rod's Crab shack University,0x88e5b73ba332d78d:0xea816e101c7d2873,FL
Crab Du Jour Xpress Cajun Seafood,0x89ab136d7a05fb83:0xa38b210d11e435aa,NC
Doc's Crabs and Seafood,0x89b7a9c724a8a349:0x6e3b4f05804486ed,MD
Captain D's,0x885131958911d9b9:0xb06cd44bb1cbe930,NC
The Juicy Crab,0x88f4c714d423f5a5:0x93539572670e3c94,GA
Popeyes Louisiana Kitchen,0x88fb757160741065:0x4a8d917ddfd5b45f,GA
Big B's Fish Joint,0x88f50fb162aa8d5d:0xb2352961594f8360,GA
Long John Silver's,0x884535f57e447e5d:0xb4c7a3db942aa33,VA
Tarboro Seafood,0x89aef4eb857a3721:0x759b4d22993e7e22,NC
Yummi Crab Tampa,0x88c2c797db48455f:0x6ce1142212a69ca8,FL
"VFW Post Beverly Hills,FL",0x88e872100ba2eb7f:0x715eadb3b087cae,FL
Hank's Lowcountry Café,0x88fc0d506003438d:0xf466daf5ef728279,SC
Yosi Japanese Seafood & Steak House,0x88f45bec60e484ab:0xf39e9718e26a2828,GA
Rubio's Coastal Grill,0x88d9ad973484b32d:0x94867655f6f4cf53,FL
"Fry Daze - Seafood, Wings, & Subs",0x88e62d655914becd:0x4a294ab3a572d338,FL
Stroke's Seafood,0x88c33f8e0a695555:0x9909104c25a04fba,FL
Sissy's Seafood,0x89c804b3e779df01:0xbe3acba87108442,MD
Mancora Ceviche Bar Fort Lauderdale,0x88d90199327d793b:0xc4e798ec76da0,FL
Destined Sweets&seafood,0x88f02ba3936271df:0x5245bb6e4bef67d7,GA
Oriole pizza,0x89c805cee8d757c5:0xb34775c26710c153,MD
Krabs Hut,0x88f50116859d4063:0x958747e27c5ff1a3,GA
Crack N Roll - Cajun Seafood • Sushi • Bubble Tea,0x88dd81933ab9a5df:0xf7648236ae0299d1,FL
Lusca,0x88f505ab1b05a703:0x80476d24db4b2477,GA
Roadside Seafood,0x88c2c644096b224d:0x678c2435588620e1,FL
Mr Krabs,0x88ec8aaf93aa4935:0x94d545a710427487,FL
Billy D's Seafood,0x89ba9f18a364e911:0x5616096c0100153,VA
Pasadena Steak House,0x88c2fd4b8506bbed:0xa762a22d1bd613fe,FL
The Jazzy Crab Restaurant and Bar,0x888ccdcddcf4880d:0x279a77bc67c6996b,GA
The Twisted Crab-Patrick Henry Mall,0x89b079723692d4a1:0x18f2326758b40aad,VA
B & S Seafood,0x89b7a65df6876de3:0xb10320661598d0a0,MD
TIDES Restaurant & Lounge,0x889386ff01dd7b59:0xb93d8728e00436f2,FL
Rock Seafood and Fried Crabhouse,0x89c81b1dc592c9d9:0xe070aaaa93979a07,MD
Prime Restaurant,0x88f505f80c483d03:0x18f10a3c02d7e88f,GA
Crawfish TOGO,0x89b114f6249affff:0xc6cbc18e841a6047,VA
The Striped Rock Restaurant,0x89b7627e3e105095:0x195f5cadc96362cc,MD
The Capital Grille,0x89b64f757e8212dd:0xa604deafbe931f89,VA
Off the Hook Seafood Grill,0x88ee3d8a1d09887b:0x2e22f93904a6cafd,GA
Mama Callie's Louisiana Seafood,0x89a8d1b558055673:0x93620d9b8acc39d,NC
Micaela Peruvian Cuisine,0x88d9a8f98d4383bf:0xea901e2562dfee9b,FL
Yasin's Homestyle Seafood,0x88f455b0d2183f73:0xccb7edf741be0b41,GA
Great Wall,0x89ac03ccf10fd461:0xe24e13437a5cbe0a,NC
The Crab Shack Edgewater,0x89b7f3e6d78c972b:0x596c4b0892bc3462,MD
Besa Grill,0x88c2eddf42655c8d:0xc8665ebb2a8fd5cf,FL
Hooked on Main,0x8852565e55816139:0x4db343eded648cdd,NC
Lou's Seafood and catering,0x88d9a7aeeebcad9f:0x4c7c9b15376f9ba8,FL
Foobao Steam & Delicious Restaurant,0x89c81f2595db0199:0x9f6427f17663af38,MD
Clifford's Restaurant,0x88f7c45561ec6f39:0x50932cc721027564,GA
Blackstock Fish Camp,0x88566aa4b43dab0b:0xa2b08d2f2b8398d9,SC
Main Street Oyster House,0x89c7ddce9507677b:0x8458f14e759f6fa6,MD
Kyle G's Oyster & Wine Bar,0x88deeb08cec62e57:0xccdcabd5e7c36509,FL
83 Degrees West New Orleans Seafood Grill,0x885885db84656ebd:0x5a406f5d7c8afe2d,GA
Ladson Seafood,0x88fe61d9ad207c31:0xdd2ac8ce0b6f7860,SC
Coco Cabana Island Cantina,0x890068535214885b:0xc4a02c5f6bbb9b1c,SC
Seabar,0x88d9072fd2d5d1c5:0xee7eb4f7d20bbadf,FL
Brent's Bistro,0x89a9f3720bf33753:0xdd89a437eb9b4538,NC
Tasty Crab House - Rocky Mount,0x89ae87eebba0de7b:0x55ca815715503cc8,NC
Pier 88,0x89babdf67af087a3:0x5a81098c36c28943,VA
Chequers Seafood + Steak,0x88f5094f718fc063:0xe0c05ac83f9c447e,GA
Dive In Seafood Bar & Eatery,0x88f68749f1ca9d6b:0xd712dda6c7160b0d,GA
J And J Seafood,0x88f4f743936481bb:0x8de80bcbdaa21ebd,GA
Buddys Crabs,0x89b875afbcacdaa5:0xe105c955e0947185,MD
Cedar Point Club,0x89b0750f4a518ae3:0x9b83fd91e7b0a276,VA
Surf Shack Restaurant,0x88c36a91ff26d101:0x541e63a85567accd,FL
Canton Dockside,0x89c803f39f635da7:0xfc38564e02530718,MD
Cucina Gloria,0x88c35b622343fe1b:0x725819c3fb14e455,FL
Yummy Crab,0x8856bf27f6be7ea1:0xb84a251462a808b2,NC
Bungalow By The Sea,0x88d9b3d5d96bcfc5:0x581d71910200d773,FL
KINOKO Sushi Bar & Asian Cuisine,0x88d9b3545eeb8329:0xc801bb7e6072d33c,FL
Willie T’s Seafood Shack,0x89b649f184ca95eb:0x8a32471e1dc2a27e,VA
Scotty's Steak and Seafood Co.,0x88de0f82a9e8b457:0x80da7ec34653efbc,FL
Seafood Of Palm Beach,0x88d8d7fe2c9fca9b:0xfd89c741ac0241e5,FL
Buster's Boardwalk,0x8893862f57e8922d:0x361098b6f3ceebda,FL
Spud's Waterfront Dining,0x890038bd0680dbc7:0x2ee4503c33d8924b,SC
Nicole Seafood & Prime Rib Restaurant,0x88d9264db90d3393:0x31b930b7c0f88781,FL
Island Fish and Grits,0x8890bf086d945447:0x670661df2398a8d3,FL
Caribbean Sea,0x89b7c63a7ae53657:0x8a54c9b550e6188,MD
Atlantic Room,0x88fdd422dc0e8475:0xd59fc8088298f997,SC
The Chicken Basket,0x89c9dac265e89b4d:0xfe093443ce05b314,MD
Wok N Roll Restaurant,0x88f50f1c4d0020ff:0x2635c541cf5328aa,GA
Strip Steak Seafood Sushi,0x88f50457fe197e8b:0xc9c1b06e8cb7d39d,GA
Frankies Raw Bar,0x88c29019bb054387:0xaa5ecbf25fe8945d,FL
Panda Asian Buffet,0x88e77b7240d5d257:0xa7b9f26a8a1f9675,FL
Juicy King Seafood,0x8853192198174cd3:0x91742e27c218c5d7,NC
Charlie's Fisherman's Wharf,0x88f888bae5e19f8b:0xaa5b7bbd7c957c7,SC
Prime 1004,0x88f8bb03faa2104b:0x4d3c8fd0a87431cb,SC
The Hidden Crab,0x88e5ab25e9be6a51:0xc21b57744560a528,FL
London's Fish N Chip,0x88e44bc6f23a9585:0x3f1e40d05254a7ca,FL
Granny's Seafood,0x88f34a3246728a29:0x9a882ec1f82b2d63,GA
Poke Bros.,0x88fe8bb28911e8b9:0xd27d413d01f4286e,SC
Mariscos El Paso,0x8859eb00e8f9fad9:0x146c9325b5d2a56d,NC
Pappys Devil Crabs,0x88c2c5713fce890f:0x63f550852faf114b,FL
Emperor's Choice Chinese,0x89ac68c1c3846b3b:0x31e0994470e5035e,NC
James Fish & Chicken,0x88f6c873e564e5f5:0x1449cb730d9e0a5d,GA
Big T's Fry Fish,0x89ace5ffc200f1ad:0x8c8b57ecd762d568,NC
Bigsby's Grill and Bar,0x88f5a6c95366b569:0x55eb34e1209626a,GA
Goodtimes Wings Shrimp & Fish,0x88f27925842e5f6b:0x86bcb537a110e1e2,GA
Parks Crabs,0x89b78c1cce2a7807:0x7b7b31eacb148583,MD
Mad Crab,0x89b6c6cda21dc475:0xfffa698ed0404f78,VA
Fairport Marina,0x89ba02bbb87537ad:0xba6ec93a1cebdbc,VA
The Fish Market & Seafood,0x88deebe1fb1108af:0xbed0f937df185491,FL
The Oceanaire Seafood Room - CLOSED,0x88d9b6845a6b6e5d:0x9681e8b39e939a32,FL
Ceviches by Divino,0x88db6bc17c06abff:0x56ad48edf6039b80,FL
The Local Lounge & Kitchen,0x8859f33c4bf402e3:0xcae4b898fa26a7d0,NC
Gypsy Fresh Grill,0x88e729309129abc7:0x9ddcf17f86c3de60,FL
Captain Jimmy's Crab House,0x89c7fe3b298820b1:0x44230467e54cd22c,MD
Wave Coastal Cuisine,0x88d9b55b7e40e56f:0x71e7f91715f1b84d,FL
Juicy Claw,0x89b6f8d84317f759:0x889c4274dbcb831,VA
Ella's Cafe,0x89afa684fff5a901:0x20f2540935ee0031,NC
"Captain Joe's Seafood, Brunswick, Ga",0x88e529d08752d137:0x4437f13d4af85c2f,GA
Stuart Grill & Ale,0x88dedd0d67b63663:0xaa34a558e20ad620,FL
Tasty Crab House,0x89b07f6b8355c9b9:0x8658731a737000bc,VA
Sunset Cafe,0x89c7a369aa30d2f9:0x378942851224600c,MD
Bolly Twist,0x88dedd2eac1d39ef:0x264b94f85d3e974c,FL
Hide Kitchen & Cocktails,0x88f5053806452e2d:0x24ddc827949bfe3e,GA
The Juicy Crab,0x88f595c7a7f5b25f:0x8f0e1218ba8fd176,GA
Young Seafood,0x89ba95d82f52b657:0x31612b6cd1e1a60,VA
Yaya's Miami Sushi & Seafood Restaurant,0x88d9b70740764631:0x331b76868e81b103,FL
Miller's Ale House,0x88f56ba7b662c5ab:0xc6d80933e0a27c8e,GA
Randeez Nutz Express,0x88e5cd5c2bd9cb6b:0xdd571e51af26afcc,FL
Privilege Restaurant,0x88f505d57dd78be3:0xf72894d62d9cb36e,GA
Wing Hut and Seafood,0x88f44b1fcfa3d993:0x5b8baaf57a7ce63f,GA
The Crab Stop of Miami,0x88d9b0d080c457df:0x7138f4f77434ec1d,FL
The Millwood Seafood And Steak,0x89b5ee56547514e7:0x39ea8956e2bc96f5,VA
Definitely Delicious,0x88fe2404d7c3596f:0x788587413fb79c44,SC
"Olde Bay Tavern - North Beach, MD",0x89b788a6b3dc763f:0x5523110392dc720f,MD
Snappers fish & chicken,0x88d8d715c1fe5695:0xc36db49a28b8051e,FL
Pier Cafe,0x89baecb1bb00b159:0x7a7384eb4f9d0525,VA
Us Fried Chicken & Pizza 28208,0x8856a24c4c3ad92f:0xd012dfa69b105017,NC
La Brisa,0x8890c6fb415d4c4d:0xeea6db8ccbb4d5c9,FL
Long John Silver's,0x89b11296fd32bfdd:0xf99372658687c7f0,VA
Greedy Spoon,0x89b100b33e0cd3a3:0xf05adb8d58678877,VA
Welika Fish House,0x8854faf1ed8605f3:0x396f62b65d0051f,NC
La Gamba Restaurant,0x88d9b7cf88d9dd19:0x92a611fd02a90715,FL
Herb's Fish Place,0x88f12afc60ad09f7:0x71c9237ffc0006ab,GA
Oak Island Crab House,0x88f09eb569739f6b:0x95aa528a3992cc01,GA
Black Eyed Susan North,0x89c992ec4456718d:0x8a46d292f3ec56e7,MD
Uncle El's Seafood Restaurant,0x88e7d4cd0e4ae9ab:0xebd75a2029c828a8,FL
Joe's Crab Shack,0x89b7e3e400f03e39:0x2bfe56880e7cd274,MD
Cracking Crab,0x8890c1d1ff0c1e23:0x6d4dc61834e8f64d,FL
Forever Young,0x88c2c529ccdd7097:0x8145ac5c7a9eabd4,FL
Hook Fish and Chicken,0x88e5c425e4e9c263:0x4219685641470398,FL
China Wall Restaurant,0x884dfc48cfe3efc7:0x3d8f3b5c098dd070,VA
Simply Steamed,0x89bac308349a7601:0x1674749d739f6e6e,VA
Lynnhaven Fish House Restaurant,0x89baecb1a5cbc4c7:0xa74d2b3d3d6f3ab1,VA
Heaven's Marketplace,0x88f92296e97e8e19:0x47457070cf0e4ad8,SC
Costa Seafood & Grill,0x88def1ac3fc4b911:0x8be6a1e2b456db76,FL
LightHouse Restaurant,0x89b73d3d42524ff3:0x1e59abbe7228f605,VA
Ceviche Point,0x88d9096ae56b69b1:0x56ff1da0617c3a67,FL
Jerri's Seafood & GRILL,0x8850a4db5b491a55:0x35a2cde9b627c423,NC
Acme Ice House,0x8893f1fdbba82733:0xb2dba1a7458b66c8,FL
Dolphin View Restaurant,0x88e729483e9286a5:0x5d98af62f7ac569b,FL
Long John Silver's,0x88500502e1f367bb:0x3bfbe05b79fbf5ca,VA
Big Willy's Seafood LLC,0x88f27f3808d98b3b:0xc722a5c0eac41b7c,GA
Whale Harbor Marina,0x88d739ca57937567:0x1a68c3476c871585,FL
Seafood Factory,0x88f51928f3e3ab09:0x307249bcba30db2c,GA
Fu Wangz,0x89aa1e3cc2f1ba17:0xccae7a9dff8f5977,NC
Long John Silver's,0x88e0aa50243ed943:0x637975b8395997aa,FL
Cafe di Lorenzo,0x88c316b068acd2af:0xdb6ce13794bf46f6,FL
Seafood & More,0x88f906b412f2a2ef:0x3cbf0e1bf7bd481,SC
Seafood Lovers Delight,0x88d9adfd9aea6649:0x64d7f31ed49f52af,FL
Sawache Asian Seafood & Crryt,0x89b761c68fb537ed:0x5ce4adc412fb6d2a,MD
Paella & Tapas,0x88c291a44741aebf:0x1b54166d7d6dfabd,FL
Parkville Crabs,0x89c808b17ec81d45:0xd33c9beeb0e20088,MD
Kabab Cafe and Bakery,0x88dd81bbbf7517cf:0xfa9fcc32e016014c,FL
M&S Grill - CLOSED,0x89b6481f36900667:0x91373e2a7a86d693,VA
Popeyes Louisiana Kitchen,0x88fab97930a2f41b:0xf39db4f20a46a60b,GA
Popeyes Louisiana Kitchen,0x888cd3dfe9afdf3d:0x77412747eb6fd7aa,GA
Yami Crab & Bar,0x88d9a99777eab5cf:0xe08db9c93b85668c,FL
Shogun Japanese Steak House,0x888ccb4bd93da011:0x3f94c0a724642640,GA
Big Kahuna Seafood Shack & Tiki Bar,0x88e6da1595562259:0x71d0676a1c7669a4,FL
JJ's Seafood,0x89b169de42d9aeed:0x69cc9a17e96dddbe,VA
Pandora's Grayton Beach,0x8893e569be89e2d9:0xb5f26c95791d5630,FL
Captain Pete's Seafood Restaurant,0x8900a0468d4b5b75:0xa3e16a146fd699dd,NC
Shark's Fish & Chicken Chicago Style,0x88f3c1cc72685f7b:0x4486a462b3ba4a19,GA
Boneheads Grill,0x88f5058d9fa961eb:0xfd24856509ec8fdd,GA
Cori's Modern Kitchen + Bar,0x89b7bb70e5ee0379:0xb5076d704c61bb6d,MD
The Fish & Vine,0x88db3f77de5f8d07:0x33f17f218c181b89,FL
Lost Creek Restaurant Steak & Seafood,0x88ed9181f26c5cff:0x645a1fe190364279,GA
Bates New England Seafood and Steakhouse,0x88e78281f9601ffd:0x8fdff29c66c8f7ec,FL
Shurling Seafood,0x88f3fe382281b12f:0x4f35dc677d721654,GA
River Bleu Steak & Fish at the RiverGate,0x88569a7f194cc84d:0x9962e32218b83cf1,NC
Jimmy'z Kitchen Marietta,0x88f511935ceaf459:0x5553670e5cc5aacf,GA
HI Tide Poke & Raw Bar,0x88569f8605954569:0x3c39bbd8a0ca0f75,NC
Blythewood Seafood Emporium & BBQ Haven,0x885602d9ebaa1589:0x5ac7500302728c7,SC
Discover Wings,0x88f5a472973e5617:0xc4ea50947dac3cd3,GA
Los Koras Mexican Seafood & Grill,0x8853197ff33ef9bd:0x70d387a9303628de,NC
Emmerts Seafood,0x89b7dd9d49799cab:0x2bb682fd4523ab9a,MD
Betty Sue's,0x885576714b32feef:0x29374974c99fae69,SC
Portosole,0x88d9b7816067dcaf:0x48efeaa60044a2d3,FL
Krustaceans Seafood Restaurant,0x885699c219744785:0x2d923609ab484502,NC
Mason's Famous Lobster Rolls,0x88d9b7796d44e3f5:0x7c41bf6de8192eec,FL
The Shrimper Seafood,0x88556739e6dc85fb:0x4ca2c1a24d98d223,SC
Tela Mares Restaurant,0x89c8047fc3d3736b:0x515d14e244eb46bc,MD
Mojo's Tacos-Mainland,0x88e69d0325649103:0xb2796f145b044e2c,FL
Toni's Homestyle Cookin & Seafood,0x88ecf542b79e1785:0xaba93eab531a5f50,FL
Long John Silver's,0x89b7be927cb00001:0x7171689794838f52,MD
Harrelson's Seafood Market,0x890038951828c9ab:0x2c980839623a62c6,SC
Golden Crab Seafood & Grill,0x88f6c7ff0f4be18f:0x4c4ccff8775c810,GA
McCormick & Schmick's Seafood & Steaks,0x89b64af46a576a43:0x31cd60d2502b5cf5,VA
Pan Pan Diner,0x89ace3edbdcacd3b:0x97756b913b1879a0,NC
Bird of Paradise New Smyrna Beach,0x88e7295fb232c71b:0xa3ef7dbbfb4a6f00,FL
Garcia's Carry Out Fish Chicken and More,0x89b7bec412f199d9:0x4161036c3289c39f,MD
AND Fish Kitchen + Bar,0x88d8fdda0b8b9e7d:0x7f7cabaaa86960e,FL
Coast Seafood & Raw Bar Johns Creek,0x88f59ff4f59f3c93:0xd0dc5d15e9428cf8,GA
Cape Fear Boil Company,0x89a9f9b4abc99abf:0xf4c6d1a082f39b68,NC
Tex's Fish Camp,0x88512947562d92bb:0x2ce7e04f4400c56c,NC
Ocean Bay Seafood,0x89a911b577068a81:0xcad400c63e5118d3,NC
Pink Teacup Crab Pot,0x88d9b31f8d39d2d5:0xbd1360a69c0e1ee6,FL
Popeyes Louisiana Kitchen,0x89b2db405a518c11:0x85155d1c27eb1c17,VA
Just Fish & Grits,0x8890bf7407784bd7:0x99f22294e687e218,FL
Cheers Bar & Grill,0x88582e791f1a2df7:0x786685cdadb315dd,SC
Rock Lobstah,0x89b849f8561b132b:0x8a9e43926ed11105,MD
Picalonga Mix Restaurant,0x88dd811cfccf8677:0x1244059195e2f684,FL
Cebiche Station by Francesco,0x88d9bc061722eeef:0x1208418b7efc23a,FL
Speed's Kitchen,0x88fb3b245fd282d9:0x4b220ef4d62591f0,GA
Palmetto Kitchen,0x89002ba4b77eda1f:0xd1e5bc29d88e8170,SC
Long John Silver's,0x88e76d925b96120f:0x49e1088a7140451b,FL
SunQuest Cruises SOLARIS Yacht | Destin Florida Wedding Venue,0x88915bfa5831d93b:0xf9d8d12eb94744e7,FL
Horizons,0x889144a7af2ff747:0x203e010838618afa,FL
Crab Tales,0x88d8d7ea41d98327:0x3f4d9324213f15e6,FL
Hub Diggity,0x8857758b31cced3b:0x9de527aeb4088437,SC
Big Al's Crabs,0x8890bf0e59005659:0xcf2cdc5440c2375e,FL
Ballers Sports Bar and Grill,0x88e7136d4ea041d3:0xf6da9deb791ee510,FL
Crab Knight Daytona Beach,0x88e6db2cb8e3d4bd:0x69181086fa830484,FL
Atomic Seafood,0x89b9d75fe0e9d3dd:0x9e73d0afaf970bb7,MD
New Orleans Seafood,0x88ec5fca80b3f18b:0x5ca1cd0dbdd0686a,FL
The Wharf at Sunset Walk,0x88dd7c21f7f480b3:0xdcd029e702962d9b,FL
Lelo's Fish & Subs,0x88e710e6ede35fc9:0x8078c60b08562dae,FL
Ruth's Chris Steak House - Water Street,0x89c8049d3c27723f:0x725feb8ab8d760e9,MD
Wright's Seafood Restaurant,0x89b96583f6f8b289:0xbeaff2038a63eb8,VA
Joe's Seafood,0x89b7fbd70f55f8a3:0x3e6db9de1049d9b8,MD
Carolina Fish Fry,0x89ac7284c1325983:0xf7d7cd38e22e6ff3,NC
Big Red Truck,0x889141527476809f:0x72c36d9e0b9e28ed,FL
Georgie's Sport & Oyster Bar,0x89af67c09827e32b:0xd011933e079f74a7,NC
Phillip's Seafood Express,0x89c7c28f67367ab1:0x1b03524f93fd12c,MD
Dockside Grille,0x88de5eda9533c519:0xb5d800e790461dc,FL
The Fish Monger Restaurant,0x88db3c083bde25f7:0x4745e0ab32be4290,FL
Parrott's On Eleventh,0x89a891695e9cc1fb:0x3add471402f6f2ad,NC
Edd's Oyster Bar and Restaurant,0x88ed52dccd979395:0x7f1bd8278e274f60,GA
Fish Market,0x88d0debedf4af013:0xb13e1eeb51d5d023,FL
Adam's Fried Fish,0x8856884c589df2ff:0x1938dd34deb68c4b,SC
Especialidad En Mariscos Y Comida Criolla,0x88d9ba74aca0de43:0xaf3154b1afd678c4,FL
Seaview Crab Company Wilmington Kitchen,0x89a9f5a10ec7e1f7:0x7309ae6ae31b509e,NC
Americas Bar & Grill,0x89b65cfd1c1de0bf:0x715522d1b3fb2708,VA
Mullets,0x88fc712d181a5e63:0xcf26a2c3860482bd,SC
Channels Seafood Market,0x88c2e37e6f32664b:0xb61c201afe9a960a,FL
Southern Crunch Authentic New Orleans Food,0x88938192915a8391:0x27bd73fc309e0800,FL
China Gourmet III @ Colony Plaza,0x88c2958f80826a1f:0xb910185dabb07b9f,FL
Fisherman's Corner,0x89b989f56ecb2f0b:0xbcb8653f91b063dd,VA
Blue Crab House,0x89c7da723cbe52c3:0x628f6f73c3d49ee0,MD
Island Life Grill,0x88e5c535a5890e27:0xab9018272e23e974,FL
Goyo el Pollo SOUTH BEACH,0x88d9b48d9710f64b:0xe4fa4076dda70ae9,FL
Gaviota Seafood & Fine Peruvian Cuisine,0x88e77ae2f8d351bb:0xf850c8bd7a471ac7,FL
Caino's Red Barn Grill,0x89a8fdbb4e17c2ad:0x25d5e492783418c2,NC
Popeyes Louisiana Kitchen,0x89b07db968c1be2d:0x2d4f1e6181b216f9,VA
Seafood Shack,0x88f9ef34f7c3bfa1:0xa5be46d762d1f2a1,GA
Overbored @ Lake Harding Marina,0x888cb7047f3e2e3f:0xfe2548bcf8c29ae1,GA
RL's Restaurant,0x88eedf0cef4f8f0d:0x8c2aa4e472ae403a,FL
Chicken and Fish House,0x88e5b97eb9f0052b:0x3fdc8f12cf8dd57,FL
Beach Box Eatery,0x89a8912a983be143:0x24b73ea804a97b37,NC
The Swan Terrace,0x89babdc36f510acb:0x67834faa4b3cd0a3,VA
Local Shrimp House and Fresh Market,0x889388d6056ee39b:0xaaa869e5d2acf6d1,FL
Red Zone Grill,0x89b64eecc655e20f:0x60e248999227af2,VA
Shelley's,0x88d9c7effc0aa0c3:0x11668ce6113509bd,FL
Adam's Restaurant and Piano Bar,0x88f593c2cc3838bb:0x93ad9a53b6bea49a,GA
Wheelhouse Restaurant,0x89b8095bfa5a95db:0xaa6273ef74eb140,MD
Carolina Meat & Fish Co.,0x885682c3ee9b6325:0x3e07485a1dfa33a,NC
Salem's Fresh Eats,0x88c2c7d7aaaaaaab:0xf07066b87b25dff1,FL
Cool Vibes Cafe,0x88d928d5774be84b:0xbcd006a5bf502553,FL
Cajun Seafood Express,0x88ee01c3487b3f4b:0x576c79446fbf12d2,GA
The Crab Queen,0x89c819fb19816e2f:0x200184468e9556db,MD
Strait From The Sea,0x88ec8536c4744741:0x826c38334b70919f,FL
J & T Seafood,0x89c82eddf7f25145:0x9829e151c38d8c3e,MD
Cotton's Seafood Restaurant,0x8856df0b100480a5:0xdd86404ce809af92,NC
Isaac’s Restaurant & Pub,0x89b7629b0b8e7471:0xc618b0820b7d09d0,MD
Calvin’s Roasted Fish And Salads,0x88f9cdac66765fb1:0x6080eb14cde4799d,GA
Mikkeys Retro Grill,0x88f51122e6ee55cd:0xcbed87ad337b1afc,GA
El Chepo Taqueria,0x89006abf40f853c1:0x7f7945ef38347f93,SC
Harrison's Harbour Lights,0x89b83c56af0862e5:0x9d0cdb64f142129,MD
CAJUN CRAB DADDY,0x88f4fd3101a4f57d:0x9a35f7e190c01e55,GA
Forrest Seafood Kitchen,0x89ba9d53cd3a0df5:0x3e486056e0a8eb5e,VA
Long John Silver's,0x89c8067f02b007d7:0x3c57a6958933ced1,MD
Le Sugar Reef,0x88d9ab3c0464cbad:0x8d8a03e0080b49c6,FL
Nichols Surf & Turf,0x8890e8c923c87b49:0xe43c5fa7e92ebd85,FL
JT's Bourbon Street Grille,0x89b6bf99f5337eb1:0xf1e9bb7eca58f878,VA
Marie's@Ummat Cafe,0x88f500d8bb22bdc3:0x63779b8fc327f5ca,GA
Fat Fish Restaurant,0x89ba9562a22e987d:0xe515df34b45f65a0,VA
The Jackspot 2014,0x89b9685a70263f4f:0xd42cd4c6ccb6a49,VA
SOHO Steak & Seafood Sushi Bar North,0x8900655479369181:0x6850cad0819fd12f,SC
Acworth Fish Camp,0x88f546c51c5a390b:0x5f6e3d5d46692dd3,GA
TATEL Miami,0x88d9b49b075a9751:0x92429acee4b1364f,FL
Captain D's,0x885ac8d1d7203169:0x94838e4a6df23ef3,VA
St Waves Seafood & Steaks,0x89a45b2fe5555555:0x19473990599f5793,NC
Pompano Grill,0x88de1d3e0f3a137d:0x9c177580802812fb,FL
Atlantic's Edge Restaurant,0x88d7375f8b536103:0xcf2fc0bfda6217cf,FL
Hong Kong Bistro,0x8894b5a3706dcd85:0x38e3721e82fbabb,FL
City Girl Seafood,0x88c299817dd715c5:0xefcdba8dc78740b9,FL
King Chef,0x88d9062f0467f135:0x25b30504fcaff647,FL
Fountain Grille Restaurant,0x88c2efa12defcb19:0x953adbf1106980ba,FL
Pisces Crab & Seafood,0x89c7fdc2fef23149:0xe285d99a76b16ca1,MD
Papa Joe's Oyster Bar & Grill,0x8894b5987718225f:0x56aacf60f0f5ef02,FL
Seafood Express,0x89ac85729617c787:0xba2916b00f42dfbc,NC
St Marys Seafood & more Express,0x88e5b78eb160bc75:0x9880104c14d33d23,FL
GENKI Noodles and Sushi - Buckhead,0x88f5058bf2a7ecc9:0x97badb4a18a885df,GA
Shark's Fish & Chicken,0x88f6b80d207342cf:0x235df6a7d0cca34c,GA
Ayden Lounge,0x888ccdbac8c63cbd:0x63f4e8dce18c3532,GA
Jones Creek Fish Camp,0x8854f81611ad81e9:0x3b06015f8f6e8e52,NC
David's Crab House of Savannah,0x88f5a62db3576db9:0x967a5a04f35cef75,GA
Ocean City Fish Co.,0x89b929ab3fc3f8e3:0x28576dce5a4608af,MD
Mr Crab North Myrtle Beach,0x89007d6c4d9d5c7d:0x8cc8e2b566e4b46b,SC
The Crab Pot,0x88d9abeaca91c38f:0x66e1ccbe60e0cf1e,FL
Carrabba's Italian Grill,0x88d9c7eff5ac446d:0xc316c992f2113106,FL
Summerlin Jake's Seafood & Steaks,0x88db398f5b7a7947:0x22127a8a7ac9fc0f,FL
Bootleggers,0x88db3c0e75bcb0a7:0x64a61deebc9d46d1,FL
Long John Silver's,0x89b5efb73c5fec89:0xd39a3d900cb8bfa2,VA
Sam's Crab House,0x89b10e23cf3079af:0x1dae25e250c322e4,VA
Mitchell's Fish Market,0x88915935c1d6a5df:0xe3e68dbdf139ae92,FL
My Ceviche,0x88d9ad255aa368d9:0x417d386c060d11c9,FL
The Crab City,0x88f5b28f6caf443f:0xee980eb7f758a74,GA
Awful Arthurs Seafood Co. Raw Bar & Restaurant Henrico,0x89b16bebf6542ca3:0xf9a5a0ce159809aa,VA
Asian Taste One,0x89c8163a0928133f:0x96ce8a463d8f0ec5,MD
COD TAIL,0x88fe7d6636c1f8d7:0xf075086fd7cd6ef9,SC
Long John Silver's,0x8853ae63b56f4ea3:0x9abdbb612155e890,NC
Faire,0x89acf58c9fbb56e5:0xd23d9a04c089bd62,NC
Shrimp Boats,0x89ace6827f51fb5b:0x4e62440956acc31a,NC
Rock Harbor Grill,0x89ac92bae90e781d:0x3daf1fab7700da9d,NC
Voila,0x89ba986d68b5e663:0x81e8207b7eef9837,VA
Tunis Seafood Wings And Subs Emerson St,0x88e5b64a6bfb3483:0x4013afe6f52c5511,FL
TradeWinds Restaurant,0x89baecbc7805cb8d:0xe4661ee9e81db32,VA
Riverbirch Restaurant,0x89b3898d441c63b1:0x7353ec4683f0ba5a,VA
BIN112 on trade street,0x88582a90b7561673:0x43c2f4da96e9ec02,SC
Boiling Crawfish,0x88e5b9da611e2fe3:0x5ede8a9874570415,FL
Crazy Crab Seafood and Grill,0x88531d6fea0b7509:0x4dc899ac6144221a,NC
Rossi's Italian Restaurant,0x890064ffe819343d:0xb444d4f515f97b1c,SC
K's Fish & More,0x88f3fdd6742c2eaf:0x1985254b06367927,GA
Shuckers South Beach,0x88d9b5500464e18b:0xeaf3b4e63f4b645a,FL
Chichop Taiwanese Grilled&Fried （台湾炸物）,0x88f5091304a8c9e5:0x774a63334c84462b,GA
Pearl's Bay Villa Restaurant and Marina,0x89bacd85358426a5:0xb7dc52b657ca9a20,NC
Plaza Grill,0x88d0deb46d169add:0xe84f79899635cf14,FL
Popeyes Louisiana Kitchen,0x88fb9feeffb637a1:0x62f90bae282327a6,GA
"Jerry's Seafood 15211 LANSDALE BLVDB , Bowie Md",0x89b6f8b469222e51:0xa1b49ce0f1e816bb,VA
Luna Mexican Seafood Bar & Grill,0x88531e59b4604677:0xe7141c5d28dd31f7,NC
A Table Apart,0x88db185523d5eef3:0x224c559642aba0c6,FL
Avanzare Restaurant,0x88de5f02b549b021:0xc0be17101c3a4db,FL
Skinner's Seafood To Go,0x88515993d16954ff:0x7c3c6516c616f5a4,NC
Hondos Shrimp & Fish,0x88f5bd77d0672bc5:0xdb8a6eee00dd05bf,GA
Wylds Cafe,0x88db185526fedf71:0xb9069b1e01b310ba,FL
The Crab Shack 2008,0x89b9683a25ac9377:0x78a77aa8c4c9f7a3,VA
Yara's Seafood,0x88e5b3f8a7392ab3:0x44c454fb3a7d6df2,FL
Long John Silver's,0x88e742501dd06437:0x91315e0ad4b88db3,FL
Peperoncino,0x88e77fa02b9bba31:0xf7a7e8ccd7bd7e3,FL
St. George Cantina & Margarita Bar,0x88eb356805939fb1:0x1767d047e0534f8,FL
The Moonshine Grill,0x885970245b920f3d:0x28b29b74f6466f2d,NC
Yummi Crab,0x89baebcfbf5321cf:0x309ad22dbb55cc8b,VA
Hooters,0x88c2bf274a60cdf1:0x61b6d2d596c1f357,FL
Oriental Wok,0x89c80f24ffe851d1:0x38dcec11b1417b5a,MD
Wessel's Tropical BarBQ,0x88d9b160c140e255:0xcd248b5c8d79fc6e,FL
Fat Daddy's Crabs,0x89c81840c6002333:0x11b645541764c688,MD
Miami Garlic Crab,0x88f4fbf4d5768dc9:0x1dfacebfa6fb78db,GA
Cafe Blu,0x88db0334db289ca1:0x617cce936ced706d,FL
Haszard's Open Pit Beef at the Beach,0x88e69c1ad01c675d:0xddc1c0c7ce5f950d,FL
Toomers Seafood Restaurant,0x88fb89b84e4c1657:0x1492f14d27afd4c7,SC
Blue Water Grille,0x885308d7da332b97:0x82e3faa814e6790d,NC
Long John Silver's,0x884ff116f2e16b21:0xa2789c491c822c85,VA
Reefers Gastropub,0x88d7372c25f54c63:0x25eb0bebc12e5442,FL
Phoenix Restaurant and Lounge,0x89ba942c48ffffff:0xfedae381ac9d1947,VA
Crab Heaven Restaurant,0x88f56b4fb5cd9997:0x57d7a15684898f0e,GA
Long John Silver's,0x888aa4c1dedc2323:0xbcfc97432f294509,GA
Ocean & Acre,0x88f59d2b62ba58b3:0xe7be54f296e01cff,GA
Purple Olive Restaurant,0x88e69c36bdb2fd9f:0xc2554bc7b622b0c6,FL
Oceans Restaurant,0x89a9f2e38f0e977b:0xb6fe1d2b658a67f,NC
Ostioneria Michoacan Seafood & Oyster Bar,0x89b65ce17fe5fea3:0xd1895be95af809ec,VA
Mid Atlantic Seafood,0x89b7b971839ba221:0xa085a60e2f27fe39,MD
Shokudo Japanese Seafood,0x8851ab61f99e5c9b:0x47cbbf69cbd32402,NC
Poke Bros.,0x89acfb4a63e63a55:0xa6eec2c17ec29ce4,NC
Twin Seafood,0x89ba981a4d789b27:0xca93302e9e6beb06,VA
Kasco's Seafood & Subs Crab House,0x89b7ba672b6448f7:0x3d924fb1820d7b2,MD
king crab atl,0x88f505e5dc79d447:0x1fda151a26f963a9,GA
Joe's Crab Shack,0x89ba83237dc871b7:0x3f9990e8045ed306,VA
Yummy Chinese Restaurant,0x89baa063c6882571:0xa2724e9c94528dc2,VA
Ameri-Kor Seafood LLC,0x89b2086b7f641b9d:0xc7dd6272b0f2ae74,VA
The Crab Dump,0x89b109749ca06571:0xd573b6376654a8f1,VA
Hangover Grill/Shrimp Cage,0x89acf594f4e61463:0xe4a25b1e84982815,NC
Hokkaido Sushi & Grill Buffet,0x88f5b987566b5471:0xcc705a4e50fae351,GA
Tonyo's Seafood,0x88ee01b0704c3d91:0xf3f462f5e3723bd0,GA
Deep Blu Seafood Grille,0x88dd7f7765e09b79:0x76f168b9afe8d95b,FL
Lobster Shack,0x88d738eb5c27e5cb:0x719894e01de24e82,FL
INTIMO,0x88d9b58d4aaa992d:0xd4e7efef46256eb4,FL
Billy's Crabs,0x89c78ec989886e8d:0x85fc7808c61a0205,MD
Red Crab - Juicy Seafood,0x88f9cfe7062d9009:0xbdf549b28f8510e6,GA
Long John Silver's,0x89b16b37f1cc6917:0x9e8cc22afd8a0970,VA
T & T Restaurant,0x88c2e240c744d4dd:0x6c25977b3d0ea7e4,FL
Kings Seafood,0x89ba830559d05833:0x23c29fbec590a48c,VA
Aubriana's Steak & Seafood,0x89aa1fc7d2d00855:0x8604a1f3bdc210c0,NC
ABO Sarasota,0x88c3406cd432fffd:0x229f588f188d6423,FL
Ocean Bay Seafood,0x89a9f53b1056b4d9:0x1a7cf0437ea48019,NC
NO. 1 Whites,0x88db59bedbc88279:0xf3529885a1eba7ba,FL
Razorback's Raw Bar & Grill,0x89c80faea7486b47:0x811bb681e2a9355a,MD
Long John Silver's,0x89c81cd5e3159e95:0x2a3d20fcc920f073,MD
Highway 19 Restaurant And Music Venue Aka “The Frontier”,0x88e6445e2daa7211:0x5cbd184ad3b2715,FL
Wings 2 Go,0x88f9d0949f417ba3:0x6be74b9c2a6c0f60,GA
Get Carried Away Southern Takeout and Catering,0x8900311601b24951:0xb8e126280c90b6c8,SC
Spicy Hill Restaurant,0x88f4f7923c259ab7:0xb8ba7a370e90f51d,GA
Andy's of Buffalo,0x8857b045b9d15ecf:0xc6586538e94e81a0,SC
Mr. & Mrs. Crab St Pete,0x88c2e3e17042babf:0x37c3e19e9ee9b33f,FL
Duke's Wings And Seafood,0x888aa4bebfe9423f:0x64b5a4a0ebb245a9,GA
Allison's Restaurant,0x89b7eeed3a9cc1cf:0x41ee514f65ad69e4,MD
Carolina Crab House Summerville,0x88fe8b3543214207:0x7ddaa643037541e7,SC
Capt. Brien's Seafood & Raw Bar,0x88daee6793d47c03:0xc316363a9926e157,FL
Crab Du Jour Cajun Seafood Restaurant & Bar,0x88d903d687a14b19:0x304fc26f39ca9de5,FL
Table 427,0x88d8d5d4a9d32753:0xaae61ebcf647877d,FL
J.T.'s at the Lavalette House,0x89b2ad208d5281fb:0x8582909aa41f3807,VA
The Hideout,0x88e7295ffac6cf31:0x4f28e8e0c78d6a9b,FL
Carbone's Steak & Seafood,0x890086df9599f1f5:0xc738288f92f1b517,SC
Bon Picat Restaurant,0x88d9beac5a1975a7:0xba61986ad9eb5daf,FL
Back Porch Oyster Bar is closed,0x885f662604aacdc1:0x8519b03a2d7a08f5,GA
Captain D's,0x888ac04a068afd2b:0xa90a1f4c66fd22d7,GA
Chet's Catering & Seafood,0x8890bed589feb893:0xfaf36d782a8d47d,FL
Carrabba's Italian Grill,0x88e77c5391c0bad9:0x11eccf4be30b8361,FL
Benny's Seafood Restaurant,0x88d9bf357cfa8833:0xf7cc94291ceca96a,FL
Fuse Buffet,0x88541c259536e637:0xe00330bdc09ea348,NC
Seabird,0x89aa1fd3e7a56221:0xf44e0514810b380f,NC
Boil Yard,0x88e84103bb8b7283:0xb03205891d93b8ae,FL
Yesterday's,0x89b7b971a519527d:0x22a685f0d9a3436,MD
Down home seafood,0x89b7bbd5d3cd5029:0x6f2bc6d5b99e0f87,MD
Suburban Seafood,0x89b7b92a5339d551:0x86cce3a08258b52,MD
Crafty Crab Cockeysville,0x89c80d0ac06eb775:0x724041bf077770fc,MD
Joe's Crab Shack,0x88f5ba9fe9150279:0x59f5ffeede7ac4d,GA
Captain D's,0x885f8794c83d2ec5:0x493049f73198e75b,GA
Sakura Japanese Restaurant,0x8856be368d8ffe81:0x8515e113a398bddf,NC
Angel's Fine Dining,0x88fab88c5a4b0af7:0x7ae0d53d6cb5c1d2,GA
Cousins Maine Lobster RALEIGH 🦞,0x89ac5f79761684d5:0xa288a43e38712525,NC
Pollito chicken,0x88dd7f7929200b0b:0x4f41920d92e7c1d0,FL
Captain Tom's Seafood,0x88530ac89f81c2fd:0x5745eae891996fce,NC
Buddy's Crabs & Ribs,0x89b929a37d6233bb:0x6b2d0cade8567995,MD
Crab Hut Express,0x88f523c1cbd4f2ad:0x87cc1c767c1230ad,GA
Divine Fish & Fixin's,0x88540f6dfcab242b:0xbbf082726860f8f5,NC
The Dahlia,0x89b2d712622b6fc9:0xed29d58128db9e36,VA
Bill Bateman's Rosedale,0x89c806348639d0d7:0x5a2e1bc690dde52e,MD
New Orleans Cajun Seafood,0x88e767ace1a70c87:0x161ebd0a162deef5,FL
Captain's Corner,0x88f08603cdbed121:0xb0f4cf1f766dcc28,GA
CRAWDADDY'S,0x88fac2650c84ffc3:0x4ce64aafb5f3ae2f,GA
Rick’s Maine Lobster 2019,0x89ba59e6cac6965d:0x647a3e69acda9a34,VA
The Market,0x888ccda355414df5:0x35e0be23f7f40e63,GA
Porter Island Seafood Restaurant,0x88ec8370092139a7:0xf3f15aedf7fe0b05,FL
Two Chefs Seafood Oyster Bar,0x88e77af11333ecc7:0x53619e1d73a11a98,FL
Phillips Seafood,0x88fae38435671689:0xc1c93b808b5639b9,GA
Joe's Crab Shack,0x88dd8019a223da7d:0x6518dc6b4dac8df3,FL
M & A Seafood,0x89ba8506b9a6ebc5:0x7b383c3e3599369f,VA
"Supreme Fish Delight, Camp Creek",0x88f4e213427b0001:0x9a86dd0812550731,GA
Steamin Mad Crabs,0x89c84035a5b8c495:0xe519abbdaecf94c5,MD
Shrimp & Fish Box,0x88f4494cd5c7ac27:0x7245dad69a0dcd3f,GA
Long John Silver's,0x89b7bf11bcb46319:0x8eea123e6d131d07,MD
Lakeside Grille,0x88f90e6946984069:0xcbdb5394a34c05dd,SC
Rattlesnake Jakes Bar & Grill,0x88d8e260b482bf41:0x30983b9ddc642e12,FL
Mahana Poke,0x89b63f3e164e97cf:0x78a30d807c5bdd66,VA
"Sakura Japanese Steak, Seafood House & Sushi Bar",0x89b7dd2a93a79027:0x136f09adb6c64f3b,MD
Bryan's Chicken,0x89c81d94df65c113:0xdd151e9f66eb20c7,MD
Maryland Fried Chicken of Hartsville / The Shrimper,0x885577429dda06e5:0x7ce75110769f55d7,SC
Ground & Griddled Bar & Kitchen,0x88d9290bf7a09ac1:0x1a23291146fbb6b,FL
33 Oyster Shack,0x89aef5373b4b5f41:0x5099b1e43015e854,NC
Eastpoint Seafood & Salad,0x88f51d5398b93b61:0xeae99780198fe4a5,GA
Island Grill at Mandalay,0x88d7420229e41ea5:0x7899efccb7d9e8a1,FL
Lil Chef,0x88531f48dab77b71:0x764039d7234d05ec,NC
Surf Rider West,0x89ba967543dc2281:0xa20b16ff58d83744,VA
Lansdowne Inn,0x89c81d181a274255:0x9f0fe0b56852880e,MD
Long John Silver's,0x89ba82c1614a8ded:0xc10436dc0beb0aeb,VA
Outback Steakhouse,0x88fc774c6800b599:0xc4887c22dbc9281d,SC
FATZ,0x88531bd35312551d:0x86695417d23d9484,NC
Blue Marlin Italian Grille,0x88df2ade0750d195:0x8952547bed18256e,FL
THE BLACK PEARL ISLAND GRILL,0x88913f4d9de4aa1d:0x55c0933c5d84efb6,FL
Captain D's,0x89b16a7daabc45c3:0xd7841aed6cd0d3d4,VA
Shake Shake Seafood,0x88541b4d1a65ee4b:0xdaa6b07fb0f356b1,NC
Grillfish,0x88d9b49013bd285d:0x1d128124b20cea8,FL
Big Joe's - Beaufort Barbecue and Seafood Restaurant,0x88fc0b4e7bc55a85:0xbc84e7459583291c,SC
Ocean Blue Island Grill,0x89b639c3fb427b4d:0x4260d9c666e0e454,VA
Fat Fish Blue,0x88e77e4b1298aed1:0x2cbc3712d6f3dcb3,FL
Carter's Catfish House,0x88ee0bbb0f8c333d:0x48e4cf9e1daf5dfd,GA
Bankhead Seafood,0x88f51b4d90e618ad:0x68cf1e8a41cc1319,GA
King Wok,0x89b6377d511efca3:0x47d6ea5af630f842,VA
Krab Kingz Seafood of Bartow,0x88dd175d524431fd:0xc2144267c7ef2d57,FL
Cravin' Cajun Seafood,0x88dd3955696ebaf1:0x111af25a565e5532,FL
"Quickie D""s Seafood",0x89aeaa1c14eb3f0f:0xdd69bcb561bc1cda,NC
Bonefish Grill,0x89b645e3e2f789d7:0xc6c78652fd3d5298,VA
​Tian Yi,0x89c8051d9e085201:0x2d28defb289c848c,MD
Miller's Ale House - North Miami Beach,0x88d9ad08ad6278c1:0xba40a6615b7a6f00,FL
Off The Hook Comedy Club,0x88db1c3a872fa421:0xe0e32760ee2e7180,FL
Juliette's Bistro,0x88e5b716c63680e5:0x28d7f53fdfb1f3a5,FL
Starting Gate Stone Crab & Oyster Bar,0x88d9ac86435b42f3:0x40084fe22ec0065c,FL
Hiawassee Seafood Bar & Grill,0x885f2f5d69495555:0x2589fb0ca798cc20,GA
Sushi Maki (Brickell),0x88d9b6840b4ca0f5:0xaa5882990432de8e,FL
Steamer Oyster & Steakhouse,0x88fc0d767cf0a917:0x75016a31d3946349,SC
The Landing,0x89bac0c1c57965c1:0x1351d4f8922198e3,VA
Chase Plaza Seafood,0x89c7e3d3c1a136f7:0x475c86a61507a4cc,MD
Popeyes Louisiana Kitchen,0x89b7e3513d3fdac7:0x597474d87a8fc16f,MD
Sweetgrass Restaurant and Bar,0x88fc13d9e2f49617:0xcd67034927b1607a,SC
The crab 99,0x89c9f3222ec568a7:0x3efbe59565f3635d,MD
Guru India Restaurant,0x89acc2e1e435bb27:0xcca569f7678725f6,NC
Mackey's American Pub,0x89b65c750c873ef1:0x43767fadabb0f8ff,VA
Fish,0x88d1ab7a240f110f:0x363f16eeeddcf35,FL
Ocean Blue,0x885318f81f768ef9:0x66fbdd9c418daee5,NC
Fish Fillet,0x88f224cc59715555:0xe001e49a8a932931,GA
The Rooftop at Ocean Lodge,0x88e4da602e03364b:0xd5528ae3281d32fb,GA
Rum Bay,0x88c4a9d1626b33bf:0x4280060eff53a3c5,FL
Bassil's,0x88e5c68e14c3ae8f:0xb77c8c2e35f14add,FL
Langermann's,0x89c80388f8e118f7:0xcdfd18095fb3a43d,MD
Mermaid Pies and Sandwiches,0x88c3110b82caf803:0xc170521fcbbed551,FL
Catch N Release Seafood Bar and Grill,0x89ba82f0d54159a7:0xe893ea02f7331b91,VA
New York Fried Chicken & Seafood,0x89c80f6b453271e1:0x91acda08207dccc5,MD
Osteria di Mare,0x88f5a1bb7757acf9:0xea6f50298822f1de,GA
CRAFTY CRAB,0x8893834047d74797:0x24e77392dd630216,FL
Fatballs Sports Bar,0x88e5c749a6496a53:0x19fad299e83b8298,FL
Grouper Grille,0x88db1ddf114f4cbf:0xa162baeff2645dd3,FL
Los Cabos bar and grill,0x88f574af88d2e195:0x845ef990b2575041,GA
Long John Silver's,0x89ac26b8e7a2b58b:0x4a7fb6424d85aa80,NC
Popeyes Louisiana Kitchen,0x89ac219907ccecb5:0xddbd2cdbfaeac2c7,NC
America's Best Wings,0x89b7e9534089f9e7:0xa23286f843933d1a,MD
All About Crab,0x88d9b7eaa4bd6997:0x255a6eb18f897a3f,FL
Antojos Peruanos,0x88d9bb6747ee0b77:0xf076915aa79a7800,FL
Takeyama Sushi,0x88e769f15944cb05:0xd44b9d60fbcfc6e4,FL
COSTA MAR MEXICAN RESTAURANT & SEAFOOD,0x88f5115dce109411:0x8db8b944b528777a,GA
New Century Buffet,0x88e0a9e814752965:0x70cf5937bca79006,FL
LemonShark Poke,0x89aced027904d45f:0xc8899bd03cc5d3c,NC
Billy's Boat House Grill,0x88e44983161c590d:0xd8b2296002b32733,FL
Popeyes Louisiana Kitchen,0x8890c5215352bab9:0xf7a61e6c247d66c,FL
Doos Seafood @ Stone Mountain,0x88f5a95ab0c753b5:0x2bb6395f8c01a231,GA
23 Flavors Restaurant,0x88e5c77fdb995c87:0xd24f26f03d5d0dd9,FL
Captain Smith's Seafood,0x89b7628510c67531:0x73c4bfc31e8e8800,MD
Thompson's Cove Restaurant,0x88f132049868f2af:0x898e0f000b3cf829,GA
Karen's Seafood,0x89b7dbd261208d19:0xaa43c84d51bccda1,MD
Sushi Yoshino,0x88f5091c54da8ced:0x47fd2496e953bb44,GA
Bahamian Reef Seafood Restaurant,0x88d9060b248ea17f:0xece5002d3495c759,FL
China Kitchen,0x885829728b7dc1f1:0xb18226d32df89516,SC
The Shrimp Boat,0x88e96d7f07387793:0x30dc6a7c2de314dc,FL
Deep Lagoon Seafood and Oyster House,0x88daef81c080ca1d:0x59ff6a949b761aa5,FL
Traymore Restaurant and Gin Bar,0x88d9b361f6172215:0xa0f24d7b2bdb8771,FL
Kim's Seafood & Raw Bar,0x89c804a102cc3279:0xd7f15eac0e965977,MD
El Puerto Jarocho Mexican & Seafood Restaurant,0x89c804095f302833:0x6c472321aa5b78e3,MD
Kaishin Sushi Izakaya,0x88dee701116ffc05:0x92befd1c87928d7f,FL
El Zarape II Mexican Restaurant,0x88e7e3fb43e3b72f:0xf62dceed18bd9a22,FL
Pizza Walley,0x88f5a9a58bec1a3f:0xdbc1b4da25fabc70,GA
China Jade,0x89c83df90ff78507:0x224c92003967eb30,MD
Wings Mania,0x88f5b98085cee817:0x177edfb1c8c21993,GA
Only Thai Authentic Kitchen,0x88d901687109573d:0xe1687adeeb9f2fd5,FL
Kajun Crab,0x88f509cad7d59fdd:0x5a71522aa7962728,GA
The Schoolfield Restaurant,0x8852b480023afd11:0xe0ab2f6bbaef6afe,VA
Mama Lau va Oc,0x88e779d159095a7f:0x268039838846ec08,FL
Il Girasole,0x88d8e06d95450167:0x8ab10111edd79df6,FL
Strongs Bay Seafood Inc,0x89b81a1279a9183f:0x410862283b394c15,MD
Sams Southern Eatery,0x88fe7cce7539feab:0x1a9604624c9637f0,SC
Pat's Backwaters Restaurant,0x888cb6fb0deb9a1f:0xd9ab98ee7f7f12aa,GA
Martha's Grill And Bar,0x88dd55ba5904729b:0x846a133b33b301a2,FL
DIVERS CHICKEN & SHRIMP,0x89baa32d79d5afbd:0x9b338ad01161e81c,VA
City Fish Market,0x88db6a72ce3cfa61:0x9d765d1d3e1d933,FL
Hijinks Sports Bar & Grill,0x88d8e21afa693085:0x110a3998f98eae94,FL
Mr. & Mrs. Crab Ocoee,0x88e78303055bfc6f:0x9b7852b0ff3fd44e,FL
Mutineer Restaurant,0x88d9e7409cca604b:0x22baf47ce9491999,FL
Capt Jimmy Bell's Seafood Joint,0x88fc273cf6115531:0x225f0f973c7fe95,SC
Breedlove's Seafood,0x89ad639677c5cdb3:0x529889c813698623,VA
Sea Grapes Restaurant,0x88de111c3443b461:0x128484c1db107dcb,FL
The Juicy Crab,0x88f5b977e00800f7:0xe5ba6ef7fc01a12a,GA
Joe Joe's Seafood Market,0x88582c2d9c06cd8f:0x682e92094177e185,SC
The Old FarmHouse Buffet,0x88545f66c1e46599:0xf5da3cc04d641311,NC
Oh Ceviche,0x88d9a85e5f32e4df:0x4a87096dd7dcf6d1,FL
Kretch's Restaurant,0x88daefb2134cf88b:0x4c8f41f501648f5c,FL
Pacific Deli,0x88f4f71d555fad6d:0xf075487b08d292bf,GA
Port Land Grille,0x89a9f36e66056817:0x35458f2eec8a5841,NC
Captain Peter's Seafood,0x89b7bcf4ef7ca843:0x24e27543a88880b1,MD
Rodeo's Steak Pit & Seafood,0x889483342f7c4a0d:0xf617f34b4259f7a6,FL
Rook's Corner Restaurant,0x89b62d211d9c4d23:0xdf79987368d9e806,MD
Bamz Restaurant,0x88dae3d437f62c5d:0x3876a30650cfb9d2,FL
Popeyes Louisiana Kitchen,0x89b6560db26d328f:0x25b4cc885ee22d07,VA
Sea Star Restaurant,0x89b7c1c22584d38b:0xfc68d70d47701298,MD
Long John Silver's,0x884e2d18768498b1:0xdb9f7e0f5804aa96,VA
Favor Flavor Seafood Restaurant,0x8890bf4bf1bbdee1:0x27df2ec6d8481bc1,FL
Blue Stingray Seafood Restaurant,0x89ace3b54749b56d:0xfc34d5b2fa6c6ce9,NC
Kamado Grille,0x89ac58459a629dbd:0x6ed7c989de8ba25d,NC
BJ's Seafood,0x88e8a3e880ad2f43:0x9e73cf56abe89074,FL
Caliza Restaurant,0x8893ee1e836a3f07:0x259ddb2dba131a5a,FL
Clearwater Oyster Company,0x88c2f762135c2ea1:0xfa7a318ae02791f6,FL
Bugeye Grill,0x89b76319b62b4e39:0x7d954f704b720b35,MD
Booty's Fish House,0x88f62702b77a931d:0xfd2fd83383af13fe,GA
Eddie's Cafe,0x89b7c40b00c326ef:0xe1bdf96f6ffc6575,MD
Southern Pecan - Gulf Coast Kitchen,0x88569fe7cf3bed15:0x4c9e6463d82c236d,NC
Baltimore Crab Cake Co.,0x8856a178f7d202ab:0xe8f334551588eed1,NC
Miller's Ale House,0x89b7c77e8d56042d:0x7e7239545292ea65,MD
Crab Shack Atl,0x88f50334a806f5d1:0x2bd1ce9e276b03f7,GA
"Sakura Japanese Steak, Seafood House & Sushi Bar",0x89b63d0b5887b879:0x5d5c12c4333d5bf3,VA
Moe's Italian Restaurant,0x89b2174c14b8d3f9:0x5143fe00c426de7e,VA
Sebastion's (Formerly Known As Sigler's Seafood & Steak),0x88fb8908a3f5f1d3:0x850b8749912e1d80,SC
"Alchemist Beverage Company & Market - Wine, Spirits, Beer, and More on Johnnie Dodds",0x88fe71d9c1070cbd:0x2910ea6e8f9db778,SC
Boss Seafood,0x88f95d204f6b3547:0x5300dadf3cebd42a,SC
Captain D's - Permanently Closed,0x88557670db9a37d1:0x649e4720b89b0b44,SC
Mariscos Los Delfines,0x8858306317dbe883:0xf867465504783796,SC
Hidden Cove Restaurant,0x88fe509de6b67a51:0xe527e6daf9c79346,SC
Neely's Restaurant,0x88f43595c3d1065d:0x8106c1ca3d6d8254,GA
Agave Azul Mexican Cuisine,0x88915eb3c960ea19:0x97b5030637f120a9,FL
S & S Seafood,0x89b7a571fa0f8227:0x8c21b6ae217bde5e,MD
Aqua Restaurant,0x89a890ead43752d3:0x70b445ba437a5d0b,NC
The Good Stuff Wings and Seafood,0x89b7fd40ea90f4a7:0xa708b2aee9a43cd5,MD
King Cajun Seafood,0x88fb755bb170aeed:0xa23bd16dbe4fc874,GA
Colin's Seafood & Grill,0x89c80f4287434ecb:0x7b97fb33a2337c26,MD
Snack Shack,0x88dd7f9cdd1577e1:0xd9c656aef88d79cb,FL
Farolito Restaurant,0x88d9b7ae4cac0e47:0xc0fb845d06160e78,FL
Aji Limon Peruvian Kitchen Naples,0x88db02ada4b90241:0x3fedcb077aae1384,FL
Krab Kingz FLC,0x88d9e194bb0dab77:0x40dfdd0d9053e7e4,FL
Theo's Deli & Seafood,0x88f7fb5a6f5df57b:0x8747e0ec0cae2476,SC
Rusty Anchor,0x88d1b1771251fb5d:0x7da2d71d45c266d,FL
JB Seafood,0x89c9e7dc208cce6f:0xae8f15a66b54ce,MD
Potomac Fish House,0x89b7c775b9498293:0xa453b0b89ee0666,MD
This Is It! BBQ and Seafood (Old National),0x88f4e364bee79f67:0x639fa8addd7fa14f,GA
New Orleans Seafood,0x88f4fb61661332f5:0xbcb962a11cdc6649,GA
Steven's Fine Food,0x88f45bec7d7cd225:0xc7baf0cd6c7b522e,GA
